Model,Family,Line,Platform,Launch Date,# of CPU Cores,# of Threads,# of GPU Cores,Compute Cores,Base Clock,Max Boost Clock,All Core Boost Speed,Total L1 Cache,Total L2 Cache,Total L3 Cache,Unlocked,CMOS,Package,Socket Count,PCI Express® Version AMD EPYC™ 7002 Series,Thermal Solution PIB,Default TDP / TDP AMD EPYC™ 7002 Series,cTDP,Max Temps,System Memory Specification AMD EPYC™ 7002 Series,System Memory Type,Memory Channels,Per Socket Mem BW,Graphics Frequency,GPU Base,Graphics Model,Graphics Core Count,DisplayPort,HDMI,DVI,VGA
X1150,AMD Opteron™,AMD Opteron™ X1100 Series Processors,Server,,4,4,,,2GHz,,,,2MB,,No,28nm,FT3,,n/a,,17W,,70°C,800MHz,DDR3,,,,,,,,,,
X940,AMD Phenom™,AMD Phenom™ II Black Edition Quad-Core Mobile Processors,Laptop,,4,4,,,2.4GHz,,,512KB,2MB,,Yes,,S1,,n/a,,45W,,100°C,,DDR3,,,,,Discrete Graphics Card Required,,,,,
TL-64,AMD Turion™,AMD Turion™ 64 X2 Dual-Core Mobile Technology,Laptop,,2,2,,,2.2GHz,,,,1MB,,No,,S1,,n/a,,35W,,95°C,667MHz,DDR2,,,,,Discrete Graphics Card Required,,,,,
TL-60,AMD Turion™,AMD Turion™ 64 X2 Dual-Core Mobile Technology,Laptop,,2,2,,,2GHz,,,,1MB,,No,,S1,,n/a,,31W,,,667MHz,DDR2,,,,,Discrete Graphics Card Required,,,,,
TL-56,AMD Turion™,AMD Turion™ 64 X2 Dual-Core Mobile Technology,Laptop,,,,,,1.8GHz,,,,,,No,,S1,,n/a,,31W,,,,Not Listed,,,,,Discrete Graphics Card Required,,,,,
TL-52,AMD Turion™,AMD Turion™ 64 X2 Dual-Core Mobile Technology,Laptop,,2,2,,,1.6GHz,,,,2MB,,No,,S1,,n/a,,31W,,,,Not Listed,,,,,Discrete Graphics Card Required,,,,,
Sempron™ 3850 APU with Radeon™ R3 Series,AMD Sempron™,AMD Sempron™ Quad-Core APU,Desktop,,4,4,,,1.3GHz,,,256KB,2MB,,No,28nm,AM1,,,,25W,,90°C,1600MHz,,1,,450 MHz,,AMD Radeon™ R3 Graphics,128,Yes,Yes,,
Sempron™ 2650 APU with Radeon™ R3 Series,AMD Sempron™,AMD Sempron™ Dual-Core APU,Desktop,,2,2,,,1.45GHz,,,128KB,1MB,,No,28nm,AM1,,,,25W,,90°C,1333MHz,,1,,400 MHz,,AMD Radeon™ R3 Graphics,128,Yes,Yes,,
P860,AMD Phenom™,AMD Phenom™ II Triple-Core Mobile Processors,Laptop,,3,3,,,2GHz,,,384KB,1.5MB,,No,,AM2+,,n/a,,35W,,100°C,,DDR3,,,,,Discrete Graphics Card Required,,,,,
P650,AMD Phenom™,AMD Phenom™ II Dual-Core Mobile Processors,Laptop,,2,2,,,2.6GHz,,,256KB,2MB,,No,,S1,,n/a,,35W,,100°C,,DDR3,,,,,Discrete Graphics Card Required,,,,,
N970,AMD Phenom™,AMD Phenom™ II Quad-Core Mobile Processors,Laptop,,4,4,,,2.2GHz,,,512KB,2MB,,No,,S1,,n/a,,35W,,100°C,,DDR3,,,,,Discrete Graphics Card Required,,,,,
N960,AMD Phenom™,AMD Phenom™ II Quad-Core Mobile Processors,Laptop,,4,4,,,1.8GHz,,,512KB,2MB,,No,,S1,,n/a,,35W,,100°C,,DDR3,,,,,Discrete Graphics Card Required,,,,,
N870,AMD Phenom™,AMD Phenom™ II Triple-Core Mobile Processors,Laptop,,3,3,,,2.3GHz,,,384KB,1.5MB,,No,,AM2+,,n/a,,35W,,100°C,,DDR3,,,,,Discrete Graphics Card Required,,,,,
N660,AMD Phenom™,AMD Phenom™ II Dual-Core Mobile Processors,Laptop,,2,2,,,3GHz,,,256KB,2MB,,No,,S1,,n/a,,35W,,100°C,,DDR3,,,,,Discrete Graphics Card Required,,,,,
N640,AMD Phenom™,AMD Phenom™ II Dual-Core Mobile Processors,Laptop,,2,2,,,2.8GHz,,,256KB,2MB,,No,,S1,,n/a,,35W,,100°C,,Not Listed,,,,,Discrete Graphics Card Required,,,,,
FX-9590,AMD FX-Series Processors,AMD FX 8-Core Black Edition Processors,Desktop,,8,8,,,4.7GHz,5GHz,,384KB,8MB,8MB,Yes,32nm SOI,AM3+,,n/a,,220W,,57°C,1866MHz,DDR3,,,,,Discrete Graphics Card Required,,,,,
FX-9370,AMD FX-Series Processors,AMD FX 8-Core Black Edition Processors,Desktop,,8,8,,,4.4GHz,4.7GHz,,384KB,8MB,8MB,Yes,32nm SOI,AM3+,,n/a,,220W,,57°C,1866MHz,DDR3,,,,,Discrete Graphics Card Required,,,,,
FX-8800P with Radeon™ R7 Graphics,AMD FX-Series Processors,AMD FX-Series Processors for AIOs,All-in-One,,4,4,8,12 (4 CPU + 8 GPU),2.1GHz,3.4GHz,,,2MB,,No,28nm,FP4,,,,,,90°C,2133MHz,,2,,800 MHz,,AMD Radeon™ R7 Graphics,,Yes,Yes,,
FX-8370E,AMD FX-Series Processors,AMD FX 8-Core Black Edition Processors,Desktop,,8,8,,,3.3GHz,4.3GHz,,384KB,8MB,8MB,Yes,32nm SOI,AM3+,,n/a,,95W,,70.50°C,1866MHz,DDR3,,,,,Discrete Graphics Card Required,,,,,
FX-8370,AMD FX-Series Processors,AMD FX 8-Core Black Edition Processors,Desktop,,8,8,,,4GHz,4.3GHz,,384KB,8MB,8MB,Yes,32nm SOI,AM3+,,n/a,,125W,,61.10°C,1866MHz,DDR3,,,,,Discrete Graphics Card Required,,,,,
FX-8370 with Wraith cooler,AMD FX-Series Processors,AMD FX 8-Core Black Edition Processors,Desktop,,8,8,,,4GHz,4.3GHz,,384KB,8MB,8MB,Yes,32nm SOI,AM3+,,n/a,Wraith cooler,125W,,61.10°C,1866MHz,DDR3,2,,,,Discrete Graphics Card Required,,,,,
FX-8350,AMD FX-Series Processors,AMD FX 8-Core Black Edition Processors,Desktop,,8,8,,,4GHz,4.2GHz,,384KB,8MB,8MB,Yes,32nm SOI,AM3+,,n/a,,125W,,61°C,1866MHz,DDR3,,,,,Discrete Graphics Card Required,,,,,
FX-8350 with Wraith cooler,AMD FX-Series Processors,AMD FX 8-Core Black Edition Processors,Desktop,,8,8,,,4GHz,4.2GHz,,384KB,8MB,8MB,Yes,32nm SOI,AM3+,,n/a,Wraith cooler,125W,,61°C,1866MHz,DDR3,,,,,Discrete Graphics Card Required,,,,,
FX-8320E,AMD FX-Series Processors,AMD FX 8-Core Black Edition Processors,Desktop,,8,8,,,3.2GHz,4GHz,,384KB,8MB,8MB,Yes,32nm SOI,AM3+,,n/a,,95W,,70.50°C,1866MHz,DDR3,,,,,Discrete Graphics Card Required,,,,,
FX-8320,AMD FX-Series Processors,AMD FX 8-Core Black Edition Processors,Desktop,,8,8,,,3.5GHz,4GHz,,384KB,8MB,8MB,Yes,32nm SOI,AM3+,,n/a,,125W,,61.10°C,1866MHz,DDR3,,,,,Discrete Graphics Card Required,,,,,
FX-8310,AMD FX-Series Processors,AMD FX 8-Core Black Edition Processors,Desktop,,8,8,,,3.4GHz,4.3GHz,,,8MB,,Yes,32nm,AM3+,,n/a,,95W,,70.50°C,,Not Listed,,,,,Discrete Graphics Card Required,,,,,
FX-8300,AMD FX-Series Processors,AMD FX 8-Core Black Edition Processors,Desktop,,8,8,,,3.3GHz,4.2GHz,,384KB,8MB,8MB,Yes,32nm SOI,AM3+,,n/a,,95W,,70.50°C,1866MHz,DDR3,,,,,Discrete Graphics Card Required,,,,,
FX-8150,AMD FX-Series Processors,AMD FX 8-Core Black Edition Processors,Desktop,,8,8,,,3.6GHz,4.2GHz,,384KB,8MB,8MB,Yes,32nm,AM3+,,n/a,,125W,,61°C,,DDR3,,,,,Discrete Graphics Card Required,,,,,
FX-8120,AMD FX-Series Processors,AMD FX 8-Core Black Edition Processors,Desktop,,8,8,,,3.1GHz,4GHz,,384KB,8MB,8MB,Yes,32nm,AM3+,,n/a,,125W,,61°C,,Not Listed,,,,,Discrete Graphics Card Required,,,,,
FX-7600P with Radeon™ R7 Graphics,AMD FX-Series Processors,AMD FX-Series Processors for Laptops,Laptop,,4,4,8,12 (4 CPU + 8 GPU),2.7GHz,3.6GHz,,,4MB,,No,28nm,FP3,,,,35W,,,2133MHz,,2,,686 MHz,,AMD Radeon™ R7 Graphics,,Yes,Yes,,
FX-7500 with Radeon™ R7 Graphics,AMD FX-Series Processors,AMD FX-Series Processors for Laptops,Laptop,,4,4,6,10 (4 CPU + 6 GPU),2.1GHz,3.3GHz,,,4MB,,No,28nm,FP3,,,,20W,,,1600MHz,,2,,553 MHz,,AMD Radeon™ R7 Graphics,,Yes,Yes,,
FX-6350,AMD FX-Series Processors,AMD FX 6-Core Black Edition Processors,Desktop,,6,6,,,3.9GHz,4.2GHz,,288KB,6MB,8MB,Yes,32nm SOI,AM3+,,n/a,,125W,,61°C,1866MHz,DDR3,,,,,Discrete Graphics Card Required,,,,,
FX-6350 with Wraith cooler,AMD FX-Series Processors,AMD FX 6-Core Black Edition Processors,Desktop,,6,6,,,3.9GHz,4.2GHz,,288KB,6MB,8MB,Yes,32nm SOI,AM3+,,n/a,Wraith cooler,125W,,61°C,1866MHz,DDR3,,,,,Discrete Graphics Card Required,,,,,
FX-6300,AMD FX-Series Processors,AMD FX 6-Core Black Edition Processors,Desktop,,6,6,,,3.5GHz,3.8GHz,,288KB,6MB,8MB,No,32nm SOI,AM3+,,PCIe 3.0,,95W,,70.50°C,1866MHz,DDR3,,,,,Discrete Graphics Card Required,,,,,
FX-6200,AMD FX-Series Processors,AMD FX 6-Core Black Edition Processors,Desktop,,6,6,,,3.8GHz,4.1GHz,,288KB,6MB,8MB,Yes,32nm SOI,AM3+,,n/a,,125W,,61.10°C,1866MHz,DDR3,,,,,Discrete Graphics Card Required,,,,,
FX-4350,AMD FX-Series Processors,AMD FX 4-Core Black Edition Processors,Desktop,,4,4,,,4.2GHz,4.3GHz,,192KB,4MB,8MB,Yes,32nm SOI,AM3+,,n/a,,125W,,61.10°C,1866MHz,DDR3,,,,,Discrete Graphics Card Required,,,,,
FX-4320,AMD FX-Series Processors,AMD FX 4-Core Black Edition Processors,Desktop,,4,4,,,4GHz,4.1GHz,,192KB,4MB,4MB,No,32nm SOI,AM3+,,Not Listed,,95W,,70.50°C,1866MHz,DDR3,,,,,Discrete Graphics Card Required,,,,,
FX-4300,AMD FX-Series Processors,AMD FX 4-Core Black Edition Processors,Desktop,,4,4,,,3.8GHz,4GHz,,192KB,4MB,4MB,Yes,32nm SOI,AM3+,,n/a,,95W,,70.50°C,1866MHz,DDR3,,,,,Discrete Graphics Card Required,,,,,
FX-4170,AMD FX-Series Processors,AMD FX 4-Core Black Edition Processors,Desktop,,4,4,,,4.2GHz,4.3GHz,,192KB,4MB,8MB,No,32nm,AM3+,,n/a,,125W,,61.10°C,,Not Listed,,,,,Discrete Graphics Card Required,,,,,
FX-4130,AMD FX-Series Processors,AMD FX 4-Core Black Edition Processors,Desktop,,4,4,,,3.8GHz,3.9GHz,,192KB,4MB,4MB,Yes,32nm SOI,AM3,,n/a,,125W,,70°C,1866MHz,DDR3,,,,,Discrete Graphics Card Required,,,,,
FX-4100,AMD FX-Series Processors,AMD FX 4-Core Black Edition Processors,Desktop,,4,4,,,3.6GHz,3.8GHz,,192KB,4MB,8MB,Yes,32nm SOI,AM3+,,n/a,,95W,,70.50°C,1866MHz,DDR3,,,,,Discrete Graphics Card Required,,,,,
FX 6100,AMD FX-Series Processors,AMD FX 6-Core Black Edition Processors,Desktop,,6,6,,,3.3GHz,3.9GHz,,288KB,6MB,8MB,Yes,32nm SOI,AM3+,,n/a,,95W,,70°C,1866MHz,DDR3,,,,,Discrete Graphics Card Required,,,,,
E2-7110 with Radeon™ R2 Graphics,AMD E-Series Processors,AMD E2-Series APU for Laptops,Laptop,,4,4,,,1.8GHz,1.8GHz,,,2MB,,No,28nm,FP4,,,,65W,,90°C,1600MHz,,1,,600 MHz,,AMD Radeon™ R2 Graphics,,Yes,Yes,,
E2-7110 with Radeon™ R2 Graphics,AMD E-Series Processors,AMD E2-Series APU for Laptops,Laptop,,4,4,,,1.8GHz,1.8GHz,,,2MB,,No,28nm,FT3b,,,,65W,,90°C,1600MHz,,1,,600 MHz,,AMD Radeon™ R2 Graphics,,Yes,Yes,,
E2-7110 with Radeon™ R2 Graphics,AMD E-Series Processors,AMD E2-Series APU for AIOs,All-in-One,,4,4,,,1.8GHz,1.8GHz,,,2MB,,No,28nm,FP4,,,,65W,,90°C,1600MHz,,1,,600 MHz,,AMD Radeon™ R2 Graphics,,Yes,Yes,,
E2-6110 with Radeon™ R2 Graphics,AMD E-Series Processors,AMD E2-Series APU for Laptops,Laptop,,4,4,,,1.5GHz,,,,2MB,,No,28nm,FT3b,,,,15W,,,1600MHz,,1,,,,AMD Radeon™ R2 Graphics,,Yes,Yes,,
E2-3800 with Radeon™ HD 8280,AMD E-Series Processors,AMD E2-Series APU for Laptops,Laptop,,4,4,,,1.3GHz,,,128KB,2MB,,No,28nm,FT3,,,,15W,,90°C,1600MHz,,1,,450 MHz,,AMD Radeon™ HD 8280,128,Yes,Yes,,
E2-3000 with Radeon™ HD 8280,AMD E-Series Processors,AMD E2-Series APU for Laptops,Laptop,,2,2,,,1.65GHz,,,,1MB,,No,28nm,FT3,,,,15W,,,,,1,,,,AMD Radeon™ HD 8280,,Yes,Yes,,
E1-7010 with Radeon™ R2 Graphics,AMD E-Series Processors,AMD E1-Series APU for Laptops,Laptop,,2,2,,,1.5GHz,1.5GHz,,,1MB,,No,28nm,FP4,,,,10W,,90°C,1333MHz,,1,,400 MHz,,AMD Radeon™ R2 Graphics,,Yes,Yes,,
E1-7010 with Radeon™ R2 Graphics,AMD E-Series Processors,AMD E1-Series APU for AIOs,All-in-One,,2,2,,,1.5GHz,1.5GHz,,,1MB,,No,28nm,FP4,,,,,,90°C,1333MHz,,1,,400 MHz,,AMD Radeon™ R2 Graphics,,Yes,Yes,,
E1-6010 with Radeon™ R2 Graphics,AMD E-Series Processors,AMD E1-Series APU for Laptops,Laptop,,2,2,,,1.35GHz,,,,1MB,,No,28nm,FT3b,,,,10W,,,,,1,,,,AMD Radeon™ R2 Graphics,,Yes,Yes,,
E1-2500 with Radeon™ HD 8240,AMD E-Series Processors,AMD E1-Series APU for Laptops,Laptop,,2,2,,,1.4GHz,,,,1MB,,No,28nm,FT3,,,,15W,,,,,1,,,,AMD Radeon™ HD 8240,,Yes,Yes,,
E1-2200 with Radeon™ HD 8210,AMD E-Series Processors,AMD E1-Series APU for Laptops,Laptop,,2,2,,,1GHz,,,,1MB,,No,28nm,FT3,,,,9W,,,,,1,,,,AMD Radeon™ HD 8210,,Yes,Yes,,
E1-2100 with Radeon™ HD 8210,AMD E-Series Processors,AMD E1-Series APU for Laptops,Laptop,,2,2,,,1GHz,,,,1MB,,No,28nm,FT3,,,,9W,,,,,1,,,,AMD Radeon™ HD 8210,,Yes,Yes,,
E1 Micro-6200T with Radeon™ R2 Graphics,AMD E-Series Processors,AMD E1-Series APU for Laptops,"Laptop, Tablet",,2,2,,,1.4GHz,,,,1MB,,No,28nm,FT3b,,,,3.95W,,,,,1,,,,AMD Radeon™ R2 Graphics,,Yes,Yes,,
B99,AMD Phenom™,AMD Business Class - AMD Phenom™ X4 Quad-Core,Desktop,,4,4,,,3.3GHz,,,,2MB,,No,,AM3,,n/a,,95W,,,,Not Listed,,,,,Discrete Graphics Card Required,,,,,
B97,AMD Phenom™,AMD Business Class - AMD Phenom™ X4 Quad-Core,Desktop,,4,4,,,3.2GHz,,,,2MB,,No,,AM3,,n/a,,95W,,,,Not Listed,,,,,Discrete Graphics Card Required,,,,,
B95,AMD Phenom™,AMD Business Class - AMD Phenom™ X4 Quad-Core,Desktop,,,,,,3GHz,,,,2MB,,No,,AM3,,n/a,,95W,,,,Not Listed,,,,,Discrete Graphics Card Required,,,,,
B77,AMD Phenom™,AMD Business Class - AMD Phenom™ X3 Triple-Core,Desktop,,3,3,,,3.2GHz,,,,1.5MB,,No,,AM3,,n/a,,95W,,,,Not Listed,,,,,Discrete Graphics Card Required,,,,,
B75,AMD Phenom™,AMD Business Class - AMD Phenom™ X3 Triple-Core,Desktop,,3,3,,,3GHz,,,,1.5MB,,No,,AM3,,n/a,,95W,,,,Not Listed,,,,,Discrete Graphics Card Required,,,,,
B60,AMD Phenom™,AMD Business Class - AMD Phenom™ X2 Dual-Core,Desktop,,2,2,,,3.5GHz,,,,1MB,,No,,AM3,,n/a,,80W,,,,Not Listed,,,,,Discrete Graphics Card Required,,,,,
B59,AMD Phenom™,AMD Business Class - AMD Phenom™ X2 Dual-Core,Desktop,,2,2,,,3.4GHz,,,,1MB,,No,,AM3,,n/a,,80W,,,,Not Listed,,,,,Discrete Graphics Card Required,,,,,
B57,AMD Phenom™,AMD Business Class - AMD Phenom™ X2 Dual-Core,Desktop,,2,2,,,3.2GHz,,,,1MB,,No,,AM3,,n/a,,80W,,,,Not Listed,,,,,Discrete Graphics Card Required,,,,,
Athlon™ 5370 APU with Radeon™ R3 Series,AMD Athlon™ Processors,AMD Athlon™ Quad-Core APU,Desktop,,4,4,,,2.2GHz,,,256KB,2MB,,No,28nm,AM1,,,,25W,,76°C,1600MHz,,1,,600 MHz,,AMD Radeon™ R3 Graphics,128,Yes,Yes,,
Athlon™ 5350 APU with Radeon™ R3 Series,AMD Athlon™ Processors,AMD Athlon™ Quad-Core APU,Desktop,,4,4,,,2.05GHz,,,256KB,2MB,,No,28nm,AM1,,,,25W,,76°C,1600MHz,,1,,600 MHz,,AMD Radeon™ R3 Graphics,128,Yes,Yes,,
Athlon™ 5150 APU with Radeon™ R3 Series,AMD Athlon™ Processors,AMD Athlon™ Quad-Core APU,Desktop,,4,4,,,1.6GHz,,,256KB,2MB,,No,28nm,AM1,,,,25W,,76°C,1600MHz,,1,,600 MHz,,AMD Radeon™ R3 Graphics,128,Yes,Yes,,
AMD Ryzen™ Threadripper™ 2990WX,AMD Ryzen™ Processors,AMD Ryzen™ Threadripper™ Processors,Desktop,8/13/2018,32,64,,,3GHz,4.2GHz,,3072KB,16MB,64MB,Yes,12nm,sTR4,,PCIe 3.0,Not included,250W,,68°C,2933MHz,DDR4,4,,,,Discrete Graphics Card Required,,,,,
AMD Ryzen™ Threadripper™ 2970WX,AMD Ryzen™ Processors,AMD Ryzen™ Threadripper™ Processors,Desktop,10/18,24,48,,,3GHz,4.2GHz,,2304KB,12MB,64MB,Yes,12nm,sTR4,,PCIe 3.0,Not included,250W,,68°C,2933MHz,DDR4,4,,,,Discrete Graphics Card Required,,,,,
AMD Ryzen™ Threadripper™ 2950X,AMD Ryzen™ Processors,AMD Ryzen™ Threadripper™ Processors,Desktop,8/31/2018,16,32,,,3.5GHz,4.4GHz,,1536KB,8MB,32MB,Yes,12nm,sTR4,,PCIe 3.0,Not included,180W,,68°C,2933MHz,DDR4,4,,,,Discrete Graphics Card Required,,,,,
AMD Ryzen™ Threadripper™ 2920X,AMD Ryzen™ Processors,AMD Ryzen™ Threadripper™ Processors,Desktop,10/18,12,24,,,3.5GHz,4.3GHz,,1152KB,6MB,32MB,Yes,12nm,sTR4,,PCIe 3.0,Not included,180W,,68°C,2933MHz,DDR4,4,,,,Discrete Graphics Card Required,,,,,
AMD Ryzen™ Threadripper™ 1950X,AMD Ryzen™ Processors,AMD Ryzen™ Threadripper™ Processors,Desktop,7/31/2017,16,32,,,3.4GHz,4GHz,,1536KB,8MB,32MB,Yes,14nm,sTR4,,PCIe 3.0,Not included,180W,,68°C,2667MHz,DDR4,4,,,,Discrete Graphics Card Required,,,,,
AMD Ryzen™ Threadripper™ 1920X,AMD Ryzen™ Processors,AMD Ryzen™ Threadripper™ Processors,Desktop,7/31/2017,12,24,,,3.5GHz,4GHz,,1152KB,6MB,32MB,Yes,14nm,sTR4,,PCIe 3.0,Not included,180W,,68°C,2667MHz,DDR4,4,,,,Discrete Graphics Card Required,,,,,
AMD Ryzen™ Threadripper™ 1900X,AMD Ryzen™ Processors,AMD Ryzen™ Threadripper™ Processors,Desktop,8/31/2017,8,16,,,3.8GHz,4GHz,,768KB,4MB,16MB,Yes,14nm,sTR4,,PCIe 3.0,Not included,180W,,68°C,2667MHz,DDR4,4,,,,Discrete Graphics Card Required,,,,,
AMD Ryzen™ 9 3950X,AMD Ryzen™ Processors,AMD Ryzen™ 9 Desktop Processors,Desktop,,16,32,,,3.5GHz,4.7GHz,,,8MB,64MB,Yes,TSMC 7nm FinFET,AM4,,PCIe 4.0 x16,Wraith Prism with RGB LED,105W,,,3200MHz,DDR4,2,,,,Discrete Graphics Card Required,,,,,
AMD Ryzen™ 9 3900X,AMD Ryzen™ Processors,AMD Ryzen™ 9 Desktop Processors,Desktop,7/7/2019,12,24,,,3.8GHz,4.6GHz,,64KB,6MB,64MB,Yes,TSMC 7nm FinFET,AM4,,PCIe 4.0 x16,Wraith Prism with RGB LED,105W,,95°C,3200MHz,DDR4,2,,,,Discrete Graphics Card Required,,,,,
AMD Ryzen™ 7 PRO 3700U,AMD Ryzen™ PRO Processors,AMD Ryzen™ 7 PRO Mobile Processors with Radeon™ Vega Graphics,Laptop,4/8/2019,4,8,10,,2.3GHz,4GHz,,384KB,2MB,4MB,No,12nm,FP5,,PCIe 3.0,n/a,15W,12-25W,95°C,2400MHz,,2,,1400 MHz,,Radeon™ Vega 10 Graphics,10,Yes,Yes,,
AMD Ryzen™ 7 PRO 2700X,AMD Ryzen™ PRO Processors,AMD Ryzen™ 7 PRO Desktop Processors,Desktop,,8,16,,,3.6GHz,4.1GHz,,768KB,4MB,16MB,Yes,12nm,AM4,,PCIe 3.0,Not included,95W,,95°C,2933MHz,DDR4,2,,,,Discrete Graphics Card Required,,,,,
AMD Ryzen™ 7 PRO 2700U,AMD Ryzen™ PRO Processors,AMD Ryzen™ 7 PRO Mobile Processors with Radeon™ Vega Graphics,Laptop,Q1 2019,4,8,10,,2.2GHz,3.8GHz,,384KB,2MB,4MB,No,14nm,FP5,,PCIe 3.0,n/a,15W,12-25W,95°C,2400MHz,,2,,1300 MHz,,Radeon™ Vega 10 Graphics,10,Yes,Yes,,
AMD Ryzen™ 7 PRO 2700,AMD Ryzen™ PRO Processors,AMD Ryzen™ 7 PRO Desktop Processors,Desktop,,8,16,,,3.2GHz,4.1GHz,,768KB,4MB,16MB,Yes,12nm,AM4,,PCIe 3.0,Not included,65W,,95°C,2933MHz,DDR4,2,,,,Discrete Graphics Card Required,,,,,
AMD Ryzen™ 7 PRO 1700X Processor,AMD Ryzen™ PRO Processors,AMD Ryzen™ 7 PRO Desktop Processors,Desktop,06/29/2017,8,16,,,3.4GHz,3.8GHz,,,4MB,16MB,No,14nm,AM4,,PCIe 3.0 x16,,95W,,95°C,2667MHz,DDR4,2,,,,Discrete Graphics Card Required,,,,,
AMD Ryzen™ 7 PRO 1700,AMD Ryzen™ PRO Processors,AMD Ryzen™ 7 PRO Desktop Processors,Desktop,06/29/2017,8,16,,,3GHz,3.7GHz,,768KB,4MB,16MB,No,14nm,AM4,,PCIe 3.0 x16,,65W,,95°C,2667MHz,DDR4,2,,,,Discrete Graphics Card Required,,,,,
AMD Ryzen™ 7 3800X,AMD Ryzen™ Processors,AMD Ryzen™ 7 Desktop Processors,Desktop,7/7/2019,8,16,,,3.9GHz,4.5GHz,,64KB,4MB,32MB,Yes,TSMC 7nm FinFET,AM4,,PCIe 4.0 x16,Wraith Prism with RGB LED,105W,,95°C,3200MHz,DDR4,2,,,,Discrete Graphics Card Required,,,,,
AMD Ryzen™ 7 3750H,AMD Ryzen™ Processors,AMD Ryzen™ 7 Mobile Processors with Radeon™ RX Vega Graphics,Laptop,Q1 2019,4,8,10,,2.3GHz,4GHz,,384KB,2MB,4MB,No,12nm,FP5,,PCIe 3.0,n/a,35W,12-35W,105°C,2400MHz,,2,,1400 MHz,,Radeon™ RX Vega 10 Graphics,10,Yes,Yes,,
AMD Ryzen™ 7 3700X,AMD Ryzen™ Processors,AMD Ryzen™ 7 Desktop Processors,Desktop,7/7/2019,8,16,,,3.6GHz,4.4GHz,,64KB,4MB,32MB,Yes,TSMC 7nm FinFET,AM4,,PCIe 4.0 x16,Wraith Prism with RGB LED,65W,,95°C,3200MHz,DDR4,2,,,,Discrete Graphics Card Required,,,,,
AMD Ryzen™ 7 3700U,AMD Ryzen™ Processors,AMD Ryzen™ 7 Mobile Processors with Radeon™ RX Vega Graphics,Laptop,Q1 2019,4,8,10,,2.3GHz,4GHz,,384KB,2MB,4MB,No,12nm,FP5,,PCIe 3.0,n/a,15W,12-35W,105°C,2400MHz,,2,,1400 MHz,,Radeon™ RX Vega 10 Graphics,10,Yes,Yes,,
AMD Ryzen™ 7 2800H,AMD Ryzen™ Processors,AMD Ryzen™ 7 Mobile Processors with Radeon™ RX Vega Graphics,Laptop,9/10/2018,4,8,11,,3.3GHz,3.8GHz,,192KB,2MB,4MB,No,14nm,FP5,,PCIe 3.0,n/a,45W,35-54W,95°C,3200MHz,,2,,1300 MHz,,Radeon™ RX Vega 11 Graphics,11,Yes,Yes,,
AMD Ryzen™ 7 2700X,AMD Ryzen™ Processors,AMD Ryzen™ 7 Desktop Processors,Desktop,04/19/2018,8,16,,,3.7GHz,4.3GHz,,768KB,4MB,16MB,Yes,12nm FinFET,AM4,,PCIe 3.0 x16,Wraith Prism with RGB LED,105W,,85°C,2933MHz,DDR4,2,,,,Discrete Graphics Card Required,,,,,
AMD Ryzen™ 7 2700U,AMD Ryzen™ Processors,AMD Ryzen™ 7 Mobile Processors with Radeon™ RX Vega Graphics,Laptop,10/26/2017,4,8,10,,2.2GHz,3.8GHz,,384KB,2MB,4MB,No,14nm,FP5,,PCIe 3.0,n/a,15W,12-25W,95°C,2400MHz,,2,,1300 MHz,,Radeon™ RX Vega 10 Graphics,10,Yes,Yes,,
AMD Ryzen™ 7 2700E Processor,AMD Ryzen™ Processors,AMD Ryzen™ 7 Desktop Processors,Desktop,September 2018,8,16,,,2.8GHz,4GHz,,768KB,4MB,16MB,Yes,12nm,AM4,,PCIe 3.0,Not included,45W,,95°C,2667MHz,DDR4,2,,,,Discrete Graphics Card Required,,,,,
AMD Ryzen™ 7 2700,AMD Ryzen™ Processors,AMD Ryzen™ 7 Desktop Processors,Desktop,04/19/2018,8,16,,,3.2GHz,4.1GHz,,768KB,4MB,16MB,Yes,12nm FinFET,AM4,,PCIe 3.0 x16,Wraith Spire with RGB LED,65W,,95°C,2933MHz,DDR4,2,,,,Discrete Graphics Card Required,,,,,
AMD Ryzen™ 7 1800X,AMD Ryzen™ Processors,AMD Ryzen™ 7 Desktop Processors,Desktop,3/2/2017,8,16,,,3.6GHz,4GHz,,768KB,4MB,16MB,Yes,14nm,AM4,,PCIe 3.0 x16,Not included,95W,,95°C,2667MHz,DDR4,2,,,,Discrete Graphics Card Required,,,,,
AMD Ryzen™ 7 1700X,AMD Ryzen™ Processors,AMD Ryzen™ 7 Desktop Processors,Desktop,3/2/2017,8,16,,,3.4GHz,3.8GHz,,768KB,4MB,16MB,Yes,14nm,AM4,,PCIe 3.0 x16,Not included,95W,,95°C,2667MHz,DDR4,2,,,,Discrete Graphics Card Required,,,,,
AMD Ryzen™ 7 1700 Processor,AMD Ryzen™ Processors,AMD Ryzen™ 7 Desktop Processors,Desktop,3/2/2017,8,16,,,3GHz,3.7GHz,,768KB,4MB,16MB,Yes,14nm,AM4,,PCIe 3.0 x16,Wraith Spire (LED),65W,,95°C,2667MHz,DDR4,2,,,,Discrete Graphics Card Required,,,,,
AMD Ryzen™ 5 PRO 3500U,AMD Ryzen™ PRO Processors,AMD Ryzen™ 5 PRO Mobile Processors with Radeon™ Vega Graphics,Laptop,4/8/2019,4,8,8,,2.1GHz,3.7GHz,,384KB,2MB,4MB,No,12nm,FP5,,PCIe 3.0,n/a,15W,12-25W,95°C,2400MHz,,2,,1200 MHz,,Radeon™ Vega 8 Graphics,8,Yes,Yes,,
AMD Ryzen™ 5 PRO 2600,AMD Ryzen™ PRO Processors,AMD Ryzen™ 5 PRO Desktop Processors,Desktop,,6,12,,,3.4GHz,3.9GHz,,576KB,3MB,16MB,Yes,12nm,AM4,,PCIe 3.0,Not included,65W,,95°C,2933MHz,DDR4,2,,,,Discrete Graphics Card Required,,,,,
AMD Ryzen™ 5 PRO 2500U,AMD Ryzen™ PRO Processors,AMD Ryzen™ 5 PRO Mobile Processors with Radeon™ Vega Graphics,Laptop,Q1 2019,4,8,8,,2GHz,3.6GHz,,384KB,2MB,4MB,No,14nm,FP5,,PCIe 3.0,n/a,15W,12-25W,95°C,2400MHz,,2,,1100 MHz,,Radeon™ Vega 8 Graphics,8,Yes,Yes,,
AMD Ryzen™ 5 PRO 2400GE with Radeon™ Vega 11 Graphics,AMD Ryzen™ PRO Processors,AMD Ryzen™ 5 PRO Desktop Processors with Radeon™ Vega Graphics,Desktop,5/10/2018,4,8,11,,3.2GHz,3.8GHz,,384KB,2MB,4MB,Yes,14nm FinFET,AM4,,PCIe 3.0 x8,Not included,35W,n/aW,95°C,2933MHz,,2,,1250 MHz,,Radeon™ Vega 11 Graphics,11,Yes,Yes,,
AMD Ryzen™ 5 PRO 2400G with Radeon™ Vega 11 Graphics,AMD Ryzen™ PRO Processors,AMD Ryzen™ 5 PRO Desktop Processors with Radeon™ Vega Graphics,Desktop,5/10/2018,4,8,11,15 (4 CPU + 11 GPU),3.6GHz,3.9GHz,,384KB,2MB,4MB,Yes,14nm FinFET,AM4,,PCIe 3.0,Wraith Stealth,65W,46-65W,95°C,2933MHz,,2,,1250 MHz,,Radeon™ Vega 11 Graphics,11,Yes,Yes,,
AMD Ryzen™ 5 PRO 1600,AMD Ryzen™ PRO Processors,AMD Ryzen™ 5 PRO Desktop Processors,Desktop,06/29/2017,6,12,,,3.2GHz,3.6GHz,,576KB,3MB,16MB,No,14nm,AM4,,PCIe 3.0 x16,,65W,,95°C,2667MHz,DDR4,2,,,,Discrete Graphics Card Required,,,,,
AMD Ryzen™ 5 PRO 1500,AMD Ryzen™ PRO Processors,AMD Ryzen™ 5 PRO Desktop Processors,Desktop,06/29/2017,4,8,,,3.5GHz,3.7GHz,,384KB,2MB,16MB,No,14nm,AM4,,PCIe 3.0 x16,,65W,,95°C,2667MHz,DDR4,2,,,,Discrete Graphics Card Required,,,,,
AMD Ryzen™ 5 3600X,AMD Ryzen™ Processors,AMD Ryzen™ 5 Desktop Processors,Desktop,7/7/2019,6,12,,,3.8GHz,4.4GHz,,64KB,3MB,32MB,Yes,TSMC 7nm FinFET,AM4,,PCIe 4.0 x16,Wraith Spire,95W,,95°C,3200MHz,DDR4,2,,,,Discrete Graphics Card Required,,,,,
AMD Ryzen™ 5 3600,AMD Ryzen™ Processors,AMD Ryzen™ 5 Desktop Processors,Desktop,7/7/2019,6,12,,,3.6GHz,4.2GHz,,64KB,3MB,32MB,Yes,TSMC 7nm FinFET,AM4,,PCIe 4.0 x16,Wraith Stealth,65W,,95°C,3200MHz,DDR4,2,,,,Discrete Graphics Card Required,,,,,
AMD Ryzen™ 5 3550H,AMD Ryzen™ Processors,AMD Ryzen™ 5 Mobile Processors with Radeon™ Vega Graphics,Laptop,Q1 2019,4,8,8,,2.1GHz,3.7GHz,,384KB,2MB,4MB,No,12nm,FP5,,PCIe 3.0,n/a,35W,12-35W,105°C,2400MHz,,2,,1200 MHz,,Radeon™ Vega 8 Graphics,8,Yes,Yes,,
AMD Ryzen™ 5 3500U,AMD Ryzen™ Processors,AMD Ryzen™ 5 Mobile Processors with Radeon™ Vega Graphics,Laptop,Q1 2019,4,8,8,,2.1GHz,3.7GHz,,384KB,2MB,4MB,No,12nm,FP5,,PCIe 3.0,n/a,15W,12-35W,105°C,2400MHz,,2,,1200 MHz,,Radeon™ Vega 8 Graphics,8,Yes,Yes,,
AMD Ryzen™ 5 3400G with Radeon™ RX Vega 11 Graphics,AMD Ryzen™ Processors,AMD Ryzen™ 5 Desktop Processors with Radeon™ Vega Graphics,Desktop,7/7/2019,4,8,11,,3.7GHz,4.2GHz,,384KB,2MB,4MB,Yes,12nm FinFET,AM4,,PCIe 3.0 x8,Wraith Spire,65W,45-65W,95°C,2933MHz,,2,,1400 MHz,,Radeon™ RX Vega 11 Graphics,11,Yes,Yes,,
AMD Ryzen™ 5 2600X,AMD Ryzen™ Processors,AMD Ryzen™ 5 Desktop Processors,Desktop,04/19/2018,6,12,,,3.6GHz,4.2GHz,,576KB,3MB,16MB,Yes,12nm FinFET,AM4,,PCIe 3.0 x16,Wraith Spire,95W,,95°C,2933MHz,DDR4,2,,,,Discrete Graphics Card Required,,,,,
AMD Ryzen™ 5 2600H,AMD Ryzen™ Processors,AMD Ryzen™ 5 Mobile Processors with Radeon™ Vega Graphics,Laptop,9/10/2018,4,8,8,,3.2GHz,3.6GHz,,192KB,2MB,4MB,No,14nm,FP5,,PCIe 3.0,n/a,45W,35-54W,95°C,3200MHz,,2,,1100 MHz,,Radeon™ Vega 8 Graphics,8,Yes,Yes,,
AMD Ryzen™ 5 2600E,AMD Ryzen™ Processors,AMD Ryzen™ 5 Desktop Processors,Desktop,September 2018,6,12,,,3.1GHz,4GHz,,578KB,3MB,16MB,Yes,12nm,AM4,,PCIe 3.0,Not included,45W,,95°C,2667MHz,DDR4,2,,,,Discrete Graphics Card Required,,,,,
AMD Ryzen™ 5 2600,AMD Ryzen™ Processors,AMD Ryzen™ 5 Desktop Processors,Desktop,04/19/2018,6,12,,,3.4GHz,3.9GHz,,576KB,3MB,16MB,Yes,12nm FinFET,AM4,,PCIe 3.0 x16,Wraith Stealth,65W,,95°C,2933MHz,DDR4,2,,,,Discrete Graphics Card Required,,,,,
AMD Ryzen™ 5 2500X,AMD Ryzen™ Processors,AMD Ryzen™ 5 Desktop Processors,Desktop,9/10/2018,4,8,,,3.6GHz,4GHz,,384KB,2MB,8MB,Yes,12nm,AM4,,PCIe 3.0,Not included,65W,,95°C,2933MHz,DDR4,2,,,,Discrete Graphics Card Required,,,,,
AMD Ryzen™ 5 2500U,AMD Ryzen™ Processors,AMD Ryzen™ 5 Mobile Processors with Radeon™ Vega Graphics,Laptop,10/26/2017,4,8,8,,2GHz,3.6GHz,,384KB,2MB,4MB,No,14nm,FP5,,PCIe 3.0,n/a,15W,12-25W,95°C,2400MHz,,2,,1100 MHz,,Radeon™ Vega 8 Graphics,8,Yes,Yes,,
AMD Ryzen™ 5 2400GE with Radeon™ RX Vega 11 Graphics,AMD Ryzen™ Processors,AMD Ryzen™ 5 Desktop Processors with Radeon™ Vega Graphics,Desktop,04/19/2018,4,8,11,,3.2GHz,3.8GHz,,384KB,2MB,4MB,Yes,14nm FinFET,AM4,,PCIe 3.0 x8,Not included,35W,,95°C,2933MHz,,2,,1250 MHz,,Radeon™ RX Vega 11 Graphics,11,Yes,Yes,,
AMD Ryzen™ 5 2400G with Radeon™ RX Vega 11 Graphics,AMD Ryzen™ Processors,AMD Ryzen™ 5 Desktop Processors with Radeon™ Vega Graphics,Desktop,02/12/2018,4,8,11,,3.6GHz,3.9GHz,,384KB,2MB,4MB,Yes,14nm FinFET,AM4,,PCIe 3.0 x8,Wraith Stealth,65W,46-65W,95°C,2933MHz,,2,,1250 MHz,,Radeon™ RX Vega 11 Graphics,11,Yes,Yes,,
AMD Ryzen™ 5 1600X,AMD Ryzen™ Processors,AMD Ryzen™ 5 Desktop Processors,Desktop,4/11/2017,6,12,,,3.6GHz,4GHz,,576KB,3MB,16MB,Yes,14nm,AM4,,PCIe 3.0 x16,Not included,95W,,95°C,2667MHz,DDR4,2,,,,Discrete Graphics Card Required,,,,,
AMD Ryzen™ 5 1600,AMD Ryzen™ Processors,AMD Ryzen™ 5 Desktop Processors,Desktop,4/11/2017,6,12,,,3.2GHz,3.6GHz,,576KB,3MB,16MB,Yes,14nm,AM4,,PCIe 3.0 x16,Wraith Spire (No LED),65W,,95°C,2667MHz,DDR4,2,,,,Discrete Graphics Card Required,,,,,
AMD Ryzen™ 5 1500X,AMD Ryzen™ Processors,AMD Ryzen™ 5 Desktop Processors,Desktop,4/11/2017,4,8,,,3.5GHz,3.7GHz,,384KB,2MB,16MB,Yes,14nm,AM4,,PCIe 3.0 x16,Wraith Spire (No LED),65W,,95°C,2667MHz,DDR4,2,,,,Discrete Graphics Card Required,,,,,
AMD Ryzen™ 5 1400,AMD Ryzen™ Processors,AMD Ryzen™ 5 Desktop Processors,Desktop,4/11/2017,4,8,,,3.2GHz,3.4GHz,,384KB,2MB,8MB,Yes,14nm,AM4,,PCIe 3.0 x16,Wraith Stealth,65W,,95°C,2667MHz,DDR4,2,,,,Discrete Graphics Card Required,,,,,
AMD Ryzen™ 3 PRO 3300U,AMD Ryzen™ PRO Processors,AMD Ryzen™ 3 PRO Mobile Processors with Radeon™ Vega Graphics,Laptop,4/8/2019,4,4,6,,2.1GHz,3.5GHz,,384KB,2MB,4MB,No,12nm,FP5,,PCIe 3.0,n/a,15W,12-25W,95°C,2400MHz,,2,,1200 MHz,,Radeon™ Vega 6 Graphics,6,Yes,Yes,,
AMD Ryzen™ 3 PRO 2300U,AMD Ryzen™ PRO Processors,AMD Ryzen™ 3 PRO Mobile Processors with Radeon™ Vega Graphics,Laptop,Q1 2019,4,4,6,,2GHz,3.4GHz,,384KB,2MB,4MB,No,14nm,FP5,,PCIe 3.0,n/a,15W,12-25W,95°C,2400MHz,,2,,1100 MHz,,Radeon™ Vega 6 Graphics,6,Yes,Yes,,
AMD Ryzen™ 3 PRO 2200GE with Radeon™ Vega 8 Graphics,AMD Ryzen™ PRO Processors,AMD Ryzen™ 3 PRO Desktop Processors with Radeon™ Vega Graphics,Desktop,5/10/2018,4,4,8,,3.2GHz,3.6GHz,,384KB,2MB,4MB,Yes,14nm FinFET,AM4,,PCIe 3.0 x8,Not included,35W,n/aW,95°C,2933MHz,,2,,1100 MHz,,Radeon™ Vega 8 Graphics,8,Yes,Yes,,
AMD Ryzen™ 3 PRO 2200G with Radeon™ Vega 8 Graphics,AMD Ryzen™ PRO Processors,AMD Ryzen™ 3 PRO Desktop Processors with Radeon™ Vega Graphics,Desktop,5/10/2018,4,4,8,12 (4 CPU + 8 GPU),3.5GHz,3.7GHz,,348KB,2MB,4MB,Yes,14nm FinFET,AM4,,PCIe 3.0,Wraith Stealth,65W,46-65W,95°C,2933MHz,,2,,1100 MHz,,Radeon™ Vega 8 Graphics,8,Yes,Yes,,
AMD Ryzen™ 3 PRO 1300,AMD Ryzen™ PRO Processors,AMD Ryzen™ 3 PRO Desktop Processors,Desktop,06/29/2017,4,4,,,3.5GHz,3.7GHz,,384KB,2MB,8MB,No,14nm,AM4,,PCIe 3.0 x16,,65W,,95°C,2667MHz,DDR4,2,,,,Discrete Graphics Card Required,,,,,
AMD Ryzen™ 3 PRO 1200,AMD Ryzen™ PRO Processors,AMD Ryzen™ 3 PRO Desktop Processors,Desktop,06/29/2017,4,4,,,3.1GHz,3.4GHz,,384KB,2MB,8MB,No,14nm,AM4,,PCIe 3.0 x16,,65W,,95°C,2667MHz,DDR4,2,,,,Discrete Graphics Card Required,,,,,
AMD Ryzen™ 3 3300U,AMD Ryzen™ Processors,AMD Ryzen™ 3 Mobile Processors with Radeon™ Vega Graphics,Laptop,Q1 2019,4,4,6,,2.1GHz,3.5GHz,,384KB,2MB,4MB,No,12nm,FP5,,PCIe 3.0,n/a,15W,12-35W,105°C,2400MHz,,2,,1200 MHz,,Radeon™ Vega 6 Graphics,6,Yes,Yes,,
AMD Ryzen™ 3 3200U,AMD Ryzen™ Processors,AMD Ryzen™ 3 Mobile Processors with Radeon™ Vega Graphics,Laptop,Q1 2019,2,4,3,,2.6GHz,3.5GHz,,192KB,1MB,4MB,No,14nm,FP5,,PCIe 3.0,n/a,15W,12-25W,105°C,2400MHz,,2,,1200 MHz,,Radeon™ Vega 3 Graphics,3,Yes,Yes,,
AMD Ryzen™ 3 3200G with Radeon™ Vega 8 Graphics,AMD Ryzen™ Processors,AMD Ryzen™ 3 Desktop Processors with Radeon™ Vega Graphics,Desktop,7/7/2019,4,4,8,,3.6GHz,4GHz,,384KB,2MB,4MB,Yes,12nm FinFET,AM4,,PCIe 3.0 x8,Wraith Stealth,65W,45-65W,95°C,2933MHz,,2,,1250 MHz,,Radeon™ Vega 8 Graphics,8,Yes,Yes,,
AMD Ryzen™ 3 2300X,AMD Ryzen™ Processors,AMD Ryzen™ 3 Desktop Processors,Desktop,9/10/2018,4,4,,,3.5GHz,4GHz,,384KB,2MB,8MB,Yes,12nm,AM4,,PCIe 3.0,Not included,65W,,95°C,2933MHz,DDR4,2,,,,Discrete Graphics Card Required,,,,,
AMD Ryzen™ 3 2300U,AMD Ryzen™ Processors,AMD Ryzen™ 3 Mobile Processors with Radeon™ Vega Graphics,Laptop,1/8/2018,4,4,6,,2GHz,3.4GHz,,384KB,2MB,4MB,No,14nm,FP5,,PCIe 3.0,n/a,15W,12-25W,95°C,2400MHz,,2,,1100 MHz,,Radeon™ Vega 6 Graphics,6,Yes,Yes,,
AMD Ryzen™ 3 2200U,AMD Ryzen™ Processors,AMD Ryzen™ 3 Mobile Processors with Radeon™ Vega Graphics,Laptop,1/8/2018,2,4,3,,2.5GHz,3.4GHz,,384KB,1MB,4MB,No,14nm,FP5,,PCIe 3.0,n/a,15W,12-25W,95°C,2400MHz,,2,,1100 MHz,,Radeon™ Vega 3 Graphics,3,Yes,Yes,,
AMD Ryzen™ 3 2200GE with Radeon™ Vega 8 Graphics,AMD Ryzen™ Processors,AMD Ryzen™ 3 Desktop Processors with Radeon™ Vega Graphics,Desktop,04/19/2018,4,4,8,,3.2GHz,3.6GHz,,384KB,2MB,4MB,Yes,14nm FinFET,AM4,,PCIe 3.0 x8,Not included,35W,,95°C,2933MHz,,2,,1100 MHz,,Radeon™ Vega 8 Graphics,8,Yes,Yes,,
AMD Ryzen™ 3 2200G with Radeon™ Vega 8 Graphics,AMD Ryzen™ Processors,AMD Ryzen™ 3 Desktop Processors with Radeon™ Vega Graphics,Desktop,02/12/2018,4,4,8,,3.5GHz,3.7GHz,,384KB,2MB,4MB,Yes,14nm FinFET,AM4,,PCIe 3.0 x8,Wraith Stealth,65W,46-65W,95°C,2993MHz,,2,,1100 MHz,,Radeon™ Vega 8 Graphics,8,Yes,Yes,,
AMD Ryzen™ 3 1300X,AMD Ryzen™ Processors,AMD Ryzen™ 3 Desktop Processors,Desktop,07/27/2017,4,4,,,3.5GHz,3.7GHz,,384KB,2MB,8MB,Yes,14nm,AM4,,PCIe 3.0 x16,Wraith Stealth,65W,,95°C,2667MHz,DDR4,2,,,,Discrete Graphics Card Required,,,,,
AMD Ryzen™ 3 1200,AMD Ryzen™ Processors,AMD Ryzen™ 3 Desktop Processors,Desktop,07/27/2017,4,4,,,3.1GHz,3.4GHz,,384KB,2MB,8MB,Yes,14nm,AM4,,PCIe 3.0 x16,Wraith Stealth,65W,,95°C,2667MHz,DDR4,2,,,,Discrete Graphics Card Required,,,,,
AMD Opteron™ X2170,AMD Opteron™,AMD Opteron™ X2100 Series APU,Server,,4,4,,,2.4GHz,,,,2MB,,,28nm,FT3,,,,25W,,,1866MHz,,,,800 MHz,,,128,,,,
AMD Opteron™ X2150 APU,AMD Opteron™,AMD Opteron™ X2100 Series APU,Server,,4,4,,,1.9GHz,,,,2MB,,No,28nm,FT3,,,,22W,,,,,,,600 MHz,,AMD Radeon™ HD 8400,,No,,,
AMD EPYC™ 7742,AMD EPYC™,AMD EPYC™ 7002 Series,Server,,64,128,,,2.25GHz,3.4GHz,,,,256MB,,,SP3,1P/2P,PCIe 4.0 x128,,225W,,,3200MHz,DDR4,8,204.80 GB/s,,,,,,,,
AMD EPYC™ 7702P,AMD EPYC™,AMD EPYC™ 7002 Series,Server,,64,128,,,2GHz,3.35GHz,,,,256MB,,,SP3,1P,PCIe 4.0 x128,,200W,,,3200MHz,DDR4,8,204.80 GB/s,,,,,,,,
AMD EPYC™ 7702,AMD EPYC™,AMD EPYC™ 7002 Series,Server,,64,128,,,2GHz,3.35GHz,,,,256MB,,,SP3,1P/2P,PCIe 4.0 x128,,200W,,,3200MHz,DDR4,8,204.80 GB/s,,,,,,,,
AMD EPYC™ 7642,AMD EPYC™,AMD EPYC™ 7002 Series,Server,,48,96,,,2.3GHz,3.3GHz,,,,256MB,,,SP3,1P/2P,PCIe 4.0 x128,,225W,,,3200MHz,DDR4,8,204.80 GB/s,,,,,,,,
AMD EPYC™ 7601,AMD EPYC™,AMD EPYC™ 7001 Series,Server,,32,64,,,2.2GHz,3.2GHz,2.7GHz,,,64MB,,,SP3,1P/2P,PCIe 3.0 x128,,180W,,,2666MHz,DDR4,8,170.60 GB/s,,,,,,,,
AMD EPYC™ 7552,AMD EPYC™,AMD EPYC™ 7002 Series,Server,,48,96,,,2.2GHz,3.3GHz,,,,192MB,,,SP3,1P/2P,PCIe 4.0 x128,,200W,,,3200MHz,DDR4,8,204.80 GB/s,,,,,,,,
AMD EPYC™ 7551P,AMD EPYC™,AMD EPYC™ 7001 Series,Server,,32,64,,,2GHz,3GHz,2.55GHz,,,64MB,,,SP3,1P,PCIe 3.0 x128,,180W,,,2666MHz,DDR4,8,170.60 GB/s,,,,,,,,
AMD EPYC™ 7551,AMD EPYC™,AMD EPYC™ 7001 Series,Server,,32,64,,,2GHz,3GHz,2.55GHz,,,64MB,,,SP3,1P/2P,PCIe 3.0 x128,,180W,,,2666MHz,DDR4,8,170.60 GB/s,,,,,,,,
AMD EPYC™ 7542,AMD EPYC™,AMD EPYC™ 7002 Series,Server,,32,64,,,2.9GHz,3.4GHz,,,,128MB,,,SP3,1P/2P,PCIe 4.0 x128,,225W,,,3200MHz,DDR4,8,204.80 GB/s,,,,,,,,
AMD EPYC™ 7502P,AMD EPYC™,AMD EPYC™ 7002 Series,Server,,32,64,,,2.5GHz,3.35GHz,,,,128MB,,,SP3,1P,PCIe 4.0 x128,,180W,,,3200MHz,DDR4,8,204.80 GB/s,,,,,,,,
AMD EPYC™ 7502,AMD EPYC™,AMD EPYC™ 7002 Series,Server,,32,64,,,2.5GHz,3.35GHz,,,,128MB,,,SP3,1P/2P,PCIe 4.0 x128,,180W,,,3200MHz,DDR4,8,204.80 GB/s,,,,,,,,
AMD EPYC™ 7501,AMD EPYC™,AMD EPYC™ 7001 Series,Server,,32,64,,,2GHz,3GHz,2.6GHz,,,64MB,,,SP3,1P/2P,PCIe 3.0 x128,,155/170W,,,2400MHz/2666MHz,DDR4,8,153.60 GB/s/170.60 GB/s,,,,,,,,
AMD EPYC™ 7452,AMD EPYC™,AMD EPYC™ 7002 Series,Server,,32,64,,,2.35GHz,3.35GHz,,,,128MB,,,SP3,1P/2P,PCIe 4.0 x128,,155W,,,3200MHz,DDR4,8,204.80 GB/s,,,,,,,,
AMD EPYC™ 7451,AMD EPYC™,AMD EPYC™ 7001 Series,Server,,24,48,,,2.3GHz,3.2GHz,2.9GHz,,,64MB,,,SP3,1P/2P,PCIe 3.0 x128,,180W,,,2666MHz,DDR4,8,170.60 GB/s,,,,,,,,
AMD EPYC™ 7402P,AMD EPYC™,AMD EPYC™ 7002 Series,Server,,24,48,,,2.8GHz,3.35GHz,,,,128MB,,,SP3,1P,PCIe 4.0 x128,,180W,,,3200MHz,DDR4,8,204.80 GB/s,,,,,,,,
AMD EPYC™ 7402,AMD EPYC™,AMD EPYC™ 7002 Series,Server,,24,48,,,2.8GHz,3.35GHz,,,,128MB,,,SP3,1P/2P,PCIe 4.0 x128,,180W,,,3200MHz,DDR4,8,204.80 GB/s,,,,,,,,
AMD EPYC™ 7401P,AMD EPYC™,AMD EPYC™ 7001 Series,Server,,24,48,,,2GHz,3GHz,2.8GHz,,,64MB,,,SP3,1P,PCIe 3.0 x128,,155/170W,,,2400MHz/2666MHz,DDR4,8,153.60 GB/s/170.60 GB/s,,,,,,,,
AMD EPYC™ 7401,AMD EPYC™,AMD EPYC™ 7001 Series,Server,,24,48,,,2GHz,3GHz,2.8GHz,,,64MB,,,SP3,1P/2P,PCIe 3.0 x128,,155/170W,,,2400MHz/2666MHz,DDR4,8,153.60 GB/s/170.60 GB/s,,,,,,,,
AMD EPYC™ 7371,AMD EPYC™,AMD EPYC™ 7001 Series,Server,,16,32,,,3.1GHz,3.8GHz,3.6GHz,,,64MB,,,SP3,1P/2P,PCIe 3.0 x128,,200W,,,2666MHz,DDR4,8,170.60 GB/s,,,,,,,,
AMD EPYC™ 7352,AMD EPYC™,AMD EPYC™ 7002 Series,Server,,24,48,,,2.3GHz,3.2GHz,,,,128MB,,,SP3,1P/2P,PCIe 4.0 x128,,155W,,,3200MHz,DDR4,8,204.80 GB/s,,,,,,,,
AMD EPYC™ 7351P,AMD EPYC™,AMD EPYC™ 7001 Series,Server,,16,32,,,2.4GHz,2.9GHz,2.9GHz,,,64MB,,,SP3,1P,PCIe 3.0 x128,,155/170W,,,2400MHz/2666MHz,DDR4,8,153.60 GB/s/170.60 GB/s,,,,,,,,
AMD EPYC™ 7351,AMD EPYC™,AMD EPYC™ 7001 Series,Server,,16,32,,,2.4GHz,2.9GHz,2.9GHz,,,64MB,,,SP3,1P/2P,PCIe 3.0 x128,,155/170W,,,2400MHz/2666MHz,DDR4,8,153.60 GB/s/170.60 GB/s,,,,,,,,
AMD EPYC™ 7302P,AMD EPYC™,AMD EPYC™ 7002 Series,Server,,16,32,,,3GHz,3.3GHz,,,,128MB,,,SP3,1P,PCIe 4.0 x128,,155W,,,3200MHz,DDR4,8,204.80 GB/s,,,,,,,,
AMD EPYC™ 7302,AMD EPYC™,AMD EPYC™ 7002 Series,Server,,16,32,,,3GHz,3.3GHz,,,,128MB,,,SP3,1P/2P,PCIe 4.0 x128,,155W,,,3200MHz,DDR4,8,204.80 GB/s,,,,,,,,
AMD EPYC™ 7301,AMD EPYC™,AMD EPYC™ 7001 Series,Server,,16,32,,,2.2GHz,2.7GHz,2.7GHz,,,64MB,,,SP3,1P/2P,PCIe 3.0 x128,,155/170W,,,2400MHz/2666MHz,DDR4,8,153.60 GB/s/170.60 GB/s,,,,,,,,
AMD EPYC™ 7282,AMD EPYC™,AMD EPYC™ 7002 Series,Server,,16,32,,,2.8GHz,3.2GHz,,,,64MB,,,SP3,1P/2P,PCIe 4.0 x128,,120W,,,3200MHz,DDR4,8,85.30 GB/s,,,,,,,,
AMD EPYC™ 7281,AMD EPYC™,AMD EPYC™ 7001 Series,Server,,16,32,,,2.1GHz,2.7GHz,2.7GHz,,,32MB,,,SP3,1P/2P,PCIe 3.0 x128,,155/170W,,,2400MHz/2666MHz,DDR4,8,153.60 GB/s/170.60 GB/s,,,,,,,,
AMD EPYC™ 7272,AMD EPYC™,AMD EPYC™ 7002 Series,Server,,12,24,,,2.9GHz,3.2GHz,,,,64MB,,,SP3,1P/2P,PCIe 4.0 x128,,120W,,,3200MHz,DDR4,8,85.30 GB/s,,,,,,,,
AMD EPYC™ 7262,AMD EPYC™,AMD EPYC™ 7002 Series,Server,,8,16,,,3.2GHz,3.4GHz,,,,128MB,,,SP3,1P/2P,PCIe 4.0 x128,,155W,,,3200MHz,DDR4,8,204.80 GB/s,,,,,,,,
AMD EPYC™ 7261,AMD EPYC™,AMD EPYC™ 7001 Series,Server,,8,16,,,2.5GHz,2.9GHz,2.9GHz,,,64MB,,,SP3,1P/2P,,,155/170W,,,2400MHz/2666MHz,DDR4,8,153.60 GB/s/170.60 GB/s,,,,,,,,
AMD EPYC™ 7252,AMD EPYC™,AMD EPYC™ 7002 Series,Server,,8,16,,,3.1GHz,3.2GHz,,,,64MB,,,SP3,1P/2P,PCIe 4.0 x128,,120W,,,3200MHz,DDR4,8,85.30 GB/s,,,,,,,,
AMD EPYC™ 7251,AMD EPYC™,AMD EPYC™ 7001 Series,Server,,8,16,,,2.1GHz,2.9GHz,2.9GHz,,,32MB,,,SP3,1P/2P,PCIe 3.0 x128,,120W,,,2400MHz,DDR4,8,153.60 GB/s,,,,,,,,
AMD EPYC™ 7232P,AMD EPYC™,AMD EPYC™ 7002 Series,Server,,8,16,,,3.1GHz,3.2GHz,,,,32MB,,,SP3,1P,PCIe 4.0 x128,,120W,,,3200MHz,DDR4,8,85.30 GB/s,,,,,,,,
AMD Athlon™ PRO 300U Mobile Processor with Radeon™ Vega 3 Graphics,AMD Athlon™ PRO Processors,AMD Athlon™ PRO Mobile Processors with Radeon™ Vega Graphics,,,2,4,3,,2.4GHz,3.3GHz,,384KB,1MB,4MB,No,14nm,FP5,,PCIe 3.0,Not included,15W,12-25W,95°C,2400MHz,,2,,1000 MHz,,Radeon™ Vega 3 Graphics,3,Yes,Yes,,
AMD Athlon™ PRO 200U Mobile Processor with Radeon™ Vega 3 Graphics,AMD Athlon™ PRO Processors,AMD Athlon™ PRO Mobile Processors with Radeon™ Vega Graphics,Laptop,,2,4,3,5 (2 CPU + 3 GPU),2.3GHz,3.2GHz,,192KB,1MB,4MB,No,14nm,FP5,,PCIe 3.0,Not included,15W,12-25W,105°C,2400MHz,,2,,1000 MHz,,Radeon™ Vega 3 Graphics,3,Yes,Yes,,
AMD Athlon™ PRO 200GE,AMD Athlon™ PRO Processors,AMD Athlon™ PRO Desktop Processors with Radeon™ Vega Graphics,Desktop,,2,4,3,5 (2 CPU + 3 GPU),3.2GHz,,,192KB,1MB,4MB,No,14nm,AM4,,PCIe 3.0,,35W,,95°C,2667MHz,,2,,1000 MHz,,Radeon™ Vega 3 Graphics,3,Yes,Yes,,
AMD Athlon™ 300U,AMD Athlon™ Processors,AMD Athlon™ Mobile Processors with Radeon™ Vega Graphics,Laptop,,2,4,3,5 (2 CPU + 3 GPU),2.4GHz,3.3GHz,,193KB,1MB,4MB,No,14nm,FP5,,,,15W,,105°C,2400MHz,,2,,1000 MHz,,Radeon™ Vega 3 Graphics,3,Yes,Yes,,
AMD Athlon™ 240GE,AMD Athlon™ Processors,AMD Athlon™ Desktop Processors with Radeon™ Vega Graphics,Desktop,,2,4,3,5 (2 CPU + 3 GPU),3.5GHz,,,192KB,1MB,4MB,No,14nm,AM4,,PCIe 3.0,,35W,,95°C,2667MHz,,2,,1000 MHz,,Radeon™ Vega 3 Graphics,3,Yes,Yes,,
AMD Athlon™ 220GE,AMD Athlon™ Processors,AMD Athlon™ Desktop Processors with Radeon™ Vega Graphics,Desktop,,2,4,3,5 (2 CPU + 3 GPU),3.4GHz,,,192KB,1MB,4MB,No,14nm,AM4,,PCIe 3.0,,35W,,95°C,2667MHz,,2,,1000 MHz,,Radeon™ Vega 3 Graphics,3,Yes,Yes,,
AMD Athlon™ 200GE,AMD Athlon™ Processors,AMD Athlon™ Desktop Processors with Radeon™ Vega Graphics,Desktop,,2,4,3,5 (2 CPU + 3 GPU),3.2GHz,,,192KB,1MB,4MB,No,14nm,AM4,,PCIe 3.0,,35W,,95°C,2667MHz,,2,,1000 MHz,,Radeon™ Vega 3 Graphics,3,Yes,Yes,,
A10-8700P with Radeon™ R6 Graphics,AMD A-Series Processors,AMD A10-Series APU for AIOs,All-in-One,,4,4,6,10 (4 CPU + 6 GPU),1.8GHz,3.2GHz,,,2MB,,No,28nm,FP4,,,,,,90°C,2133MHz,,2,,800 MHz,,AMD Radeon™ R6 Graphics,,Yes,Yes,,
A10-7890K with Radeon™ R7 Graphics and Wraith cooler,AMD A-Series Processors,AMD A10-Series APU for Desktops,Desktop,,4,,8,12 (4 CPU + 8 GPU),4.1GHz,4.3GHz,,256KB,4MB,,Yes,28nm,FM2+,,,Wraith cooler,95W,,72.40°C,2133MHz,,2,,866 MHz,,AMD Radeon™ R7 Graphics,512,Yes,Yes,,
A10-7870K with Radeon™ R7 Series,AMD A-Series Processors,AMD A10-Series APU for Desktops,Desktop,,4,4,8,12 (4 CPU + 8 GPU),3.9GHz,4.1GHz,,256KB,4MB,,Yes,28nm,FM2+,,,,95W,,72.40°C,2133MHz,,2,,866 MHz,,AMD Radeon™ R7 Graphics,512,Yes,Yes,,
A10-7870K with Radeon™ R7 Graphics and Near Silent Thermal Solution,AMD A-Series Processors,AMD A10-Series APU for Desktops,Desktop,,4,,8,12 (4 CPU + 8 GPU),3.9GHz,4.1GHz,,256KB,4MB,,Yes,28nm,FM2+,,,Near Silent 125W,95W,,72.40°C,2133MHz,,2,,866 MHz,,AMD Radeon™ R7 Graphics,512,Yes,Yes,,
A10-7860K with Radeon™ R7 Series,AMD A-Series Processors,AMD A10-Series APU for Desktops,Desktop,,4,4,8,12 (4 CPU + 8 GPU),3.6GHz,4GHz,,256KB,4MB,,Yes,28nm,FM2+,,,,65W,45W/65WW,71.30°C,2133MHz,,2,,757 MHz,,AMD Radeon™ R7 Graphics,512,Yes,Yes,,
A10-7860K with Radeon™ R7 Graphics and Near Silent Thermal Solution,AMD A-Series Processors,AMD A10-Series APU for Desktops,Desktop,,4,4,8,12 (4 CPU + 8 GPU),3.6GHz,4GHz,,256KB,4MB,,Yes,28nm,FM2+,,,Near Silent 95W,65W,45W/65WW,71.30°C,2133MHz,,2,,757 MHz,,AMD Radeon™ R7 Graphics,512,Yes,Yes,,
A10-7850K with Radeon™ R7 Series,AMD A-Series Processors,AMD A10-Series APU for Desktops,Desktop,,4,4,8,12 (4 CPU + 8 GPU),3.7GHz,4GHz,,256KB,4MB,,Yes,28nm,FM2+,,,,95W,,72.40°C,2133MHz,,2,,720 MHz,,AMD Radeon™ R7 Graphics,512,Yes,Yes,,
A10-7800 with Radeon™ R7 Series,AMD A-Series Processors,AMD A10-Series APU for Desktops,Desktop,,4,4,8,12 (4 CPU + 8 GPU),3.5GHz,3.9GHz,,256KB,4MB,,No,28nm,FM2+,,,,,45W/65WW,71.30°C,2133MHz,,2,,720 MHz,,AMD Radeon™ R7 Graphics,512,Yes,Yes,,
A10-7700K with Radeon™ R7 Series,AMD A-Series Processors,AMD A10-Series APU for Desktops,Desktop,,4,4,6,10 (4 CPU + 6 GPU),3.4GHz,3.8GHz,,256KB,4MB,,Yes,28nm,FM2+,,,,,45W/65WW,72.40°C,2133MHz,,2,,720 MHz,,AMD Radeon™ R7 Graphics,384,Yes,Yes,,
A10-7400P with Radeon™ R6 Graphics,AMD A-Series Processors,AMD A10-Series APU for Laptops,Laptop,,4,4,6,10 (4 CPU + 6 GPU),2.5GHz,3.4GHz,,,4MB,,No,28nm,FP3,,,,35W,,,1866MHz,,2,,654 MHz,,AMD Radeon™ R6 Graphics,384,Yes,Yes,,
A10-7300 with Radeon™ R6 Graphics,AMD A-Series Processors,AMD A10-Series APU for Laptops,Laptop,,4,4,6,10 (4 CPU + 6 GPU),1.9GHz,3.2GHz,,,4MB,,No,28nm,FP3,,,,20W,,,,,2,,553 MHz,,AMD Radeon™ R6 Graphics,,Yes,Yes,,
A10-6800K with Radeon™ HD 8670D,AMD A-Series Processors,AMD A10-Series APU for Desktops,Desktop,,4,4,,,4.1GHz,4.4GHz,,192KB,4MB,,Yes,32nm SOI,FM2,,,,100W,,74°C,2133MHz,,2,,844 MHz,,AMD Radeon™ HD 8670D,384,Yes,Yes,,
A10-6800B with Radeon™ HD 8670D,AMD A-Series Processors,AMD Business Class - Quad-Core A10-Series APU for Desktops,Desktop,,4,4,,,4.1GHz,4.4GHz,,192KB,4MB,,No,32nm SOI,FM2,,,,45W,,74°C,2133MHz,,2,,844 MHz,,AMD Radeon™ HD 8670D,384,Yes,Yes,,
A10-6790K with Radeon™ HD 8670D,AMD A-Series Processors,AMD A10-Series APU for Desktops,Desktop,,4,4,,,4GHz,4.3GHz,,192KB,4MB,,Yes,32nm SOI,FM2,,,,100W,,74°C,1866MHz,,2,,844 MHz,,AMD Radeon™ HD 8670D,384,Yes,Yes,,
A10-6790B with Radeon™ HD 8670D,AMD A-Series Processors,AMD Business Class - Quad-Core A10-Series APU for Desktops,Desktop,,4,4,,,4GHz,4.3GHz,,192KB,4MB,,No,32nm SOI,FM2,,,,45W,,74°C,1866MHz,,2,,844 MHz,,AMD Radeon™ HD 8670D,384,Yes,Yes,,
A10-6700T with Radeon™ HD 8650D,AMD A-Series Processors,AMD A10-Series APU for Desktops,Desktop,,4,4,,,2.5GHz,3.5GHz,,192KB,4MB,,No,32nm SOI,FM2,,,,45W,,71.30°C,1866MHz,,2,,720 MHz,,AMD Radeon™ HD 8650D,384,Yes,Yes,,
A10-6700 with Radeon™ HD 8670D,AMD A-Series Processors,AMD A10-Series APU for Desktops,Desktop,,4,4,,,3.7GHz,4.3GHz,,192KB,4MB,,No,32nm SOI,FM2,,,,65W,,71.30°C,1866MHz,,2,,844 MHz,,AMD Radeon™ HD 8670D,384,Yes,Yes,,
A10 PRO-7850B with Radeon™ R7 Graphics,AMD PRO A-Series Processors,AMD PRO A-Series A10 APU for Desktops,Desktop,,4,4,8,12 (4 CPU + 8 GPU),3.7GHz,4GHz,,256KB,4MB,,No,28nm,FM2+,,,,95W,,72.40°C,2133MHz,,2,,720 MHz,,AMD Radeon™ R7 Graphics,512,Yes,Yes,,
A10 PRO-7800B with Radeon™ R7 Graphics,AMD PRO A-Series Processors,AMD PRO A-Series A10 APU for Desktops,Desktop,,4,4,8,12 (4 CPU + 8 GPU),3.5GHz,3.9GHz,,256KB,4MB,,No,28nm,FM2+,,,,65W,35W/65WW,71.30°C,2133MHz,,2,,720 MHz,,AMD Radeon™ R7 Graphics,512,Yes,Yes,,
A10 PRO-7350B with Radeon™ R6 Graphics,AMD PRO A-Series Processors,AMD PRO A-Series A10 APU for Laptops,Laptop,,4,4,6,10 (4 CPU + 6 GPU),2.1GHz,3.3GHz,,,4MB,,No,28nm,FP3,,,,19W,,,1600MHz,,2,,553 MHz,,AMD Radeon™ R6 Graphics,384,Yes,Yes,,
A10 Micro-6700T with Radeon™ R6 Graphics,AMD A-Series Processors,AMD A10-Series APU for Laptops,"Laptop, Tablet",,4,4,,,2.2GHz,,,,2MB,,No,28nm,FT3b,,,,4.5W,,,1333MHz,,1,,,,AMD Radeon™ R6 Graphics,,Yes,Yes,,
A8-8600P with Radeon™ R6 Graphics,AMD A-Series Processors,AMD A8-Series APU for AIOs,All-in-One,,4,4,6,10 (4 CPU + 6 GPU),1.6GHz,3GHz,,,2MB,,No,28nm,FP4,,,,,,90°C,2133MHz,,2,,720 MHz,,AMD Radeon™ R6 Graphics,,Yes,Yes,,
A8-7670K with Radeon™ R7 Graphics and Near Silent Thermal Solution,AMD A-Series Processors,AMD A8-Series APU for Desktops,Desktop,,4,4,6,10 (4 CPU + 6 GPU),3.6GHz,3.9GHz,,256KB,4MB,,Yes,28nm,FM2+,,,Near Silent 95W,95W,,72.40°C,2133MHz,,2,,757 MHz,,AMD Radeon™ R7 Graphics,512,Yes,Yes,,
A8-7650K with Radeon™ R7 Series,AMD A-Series Processors,AMD A8-Series APU for Desktops,Desktop,,4,4,6,10 (4 CPU + 6 GPU),3.3GHz,3.8GHz,,256KB,4MB,,Yes,28nm,FM2+,,,,95W,,72.40°C,2133MHz,,2,,720 MHz,,AMD Radeon™ R7 Graphics,384,Yes,Yes,,
A8-7650K with Radeon™ R7 Graphics and Near Silent Thermal Solution,AMD A-Series Processors,AMD A8-Series APU for Desktops,Desktop,,4,4,6,10 (4 CPU + 6 GPU),3.3GHz,3.8GHz,,256KB,4MB,,Yes,28nm,FM2+,,,Near Silent 95W,95W,,72.40°C,2133MHz,,2,,720 MHz,,AMD Radeon™ R7 Graphics,512,Yes,Yes,,
A8-7600 with Radeon™ R7 Series,AMD A-Series Processors,AMD A8-Series APU for Desktops,Desktop,,4,4,6,10 (4 CPU + 6 GPU),3.1GHz,3.8GHz,,256KB,4MB,,No,28nm,FM2+,,,,65W,45W/65WW,71.30°C,2133MHz,,2,,720 MHz,,AMD Radeon™ R7 Graphics,384,Yes,Yes,,
A8-7410 with Radeon™ R5 Graphics,AMD A-Series Processors,AMD A8-Series APU for Laptops,Laptop,,4,4,,,2.2GHz,2.5GHz,,,2MB,,No,28nm,FP4,,,,15W,,90°C,1866MHz,,1,,847 MHz,,AMD Radeon™ R5 Graphics,,Yes,Yes,,
A8-7200P with Radeon™ R5 Graphics,AMD A-Series Processors,AMD A8-Series APU for Laptops,Laptop,,4,4,4,8 (4 CPU + 4 GPU),2.4GHz,3.3GHz,,,4MB,,No,28nm,FP3,,,,100W,,,1866MHz,,2,,626 MHz,,AMD Radeon™ R5 Graphics,,Yes,Yes,,
A8-7100 with Radeon™ R5 Graphics,AMD A-Series Processors,AMD A8-Series APU for Laptops,Laptop,,4,4,4,8 (4 CPU + 4 GPU),1.8GHz,3GHz,,,4MB,,No,28nm,FP3,,,,20W,,,1600MHz,,2,,514 MHz,,AMD Radeon™ R5 Graphics,,Yes,Yes,,
A8-6600K with Radeon™ HD 8570D,AMD A-Series Processors,AMD A8-Series APU for Desktops,Desktop,,4,4,,,3.9GHz,4.2GHz,,192KB,4MB,,Yes,32nm SOI,FM2,,,,65W,,74°C,1866MHz,,2,,844 MHz,,AMD Radeon™ HD 8570D,256,Yes,Yes,,
A8-6500T with Radeon™ HD 8550D,AMD A-Series Processors,AMD A8-Series APU for Desktops,Desktop,,4,4,,,2.1GHz,3.1GHz,,192KB,4MB,,No,32nm SOI,FM2,,,,45W,,71.30°C,1866MHz,,2,,720 MHz,,AMD Radeon™ HD 8550D,256,Yes,Yes,,
A8-6500B with Radeon™ HD 8570D,AMD A-Series Processors,AMD Business Class - Quad-Core A8-Series APU for Desktops,Desktop,,4,4,,,3.5GHz,4.1GHz,,192KB,4MB,,No,32nm SOI,FM2,,,,65W,,71.30°C,1866MHz,,2,,800 MHz,,AMD Radeon™ HD 8570D,256,Yes,Yes,,
A8-6500 with Radeon™ HD 8570D,AMD A-Series Processors,AMD A8-Series APU for Desktops,Desktop,,4,4,,,3.5GHz,4.1GHz,,192KB,4MB,,No,32nm SOI,FM2,,,,65W,,71.30°C,1866MHz,,2,,800 MHz,,AMD Radeon™ HD 8570D,256,Yes,Yes,,
A8-6410 with Radeon™ R5 Graphics,AMD A-Series Processors,AMD A8-Series APU for Laptops,Laptop,,4,4,,,2GHz,2.4GHz,,,2MB,,No,28nm,FT3b,,,,15W,,90°C,1866MHz,,1,,847 MHz,,AMD Radeon™ R5 Graphics,,Yes,Yes,,
A8-6410 with Radeon™ R5 Graphics,AMD A-Series Processors,AMD A8-Series APU for AIOs,All-in-One,,4,4,,,2.2GHz,2.5GHz,,,2MB,,No,28nm,FT3b,,,,,,90°C,1866MHz,,1,,847 MHz,,AMD Radeon™ R5 Graphics,,Yes,Yes,,
A8 PRO-7600B with Radeon™ R7 Graphics,AMD PRO A-Series Processors,AMD PRO A-Series A8 APU for Desktops,Desktop,,4,4,6,10 (4 CPU + 6 GPU),3.1GHz,3.8GHz,,,4MB,,No,28nm,FM2+,,,,65W,35W/65WW,71.30°C,2133MHz,,2,,720 MHz,,AMD Radeon™ R7 Graphics,384,Yes,Yes,,
A8 PRO-7150B with Radeon™ R5 Graphics,AMD PRO A-Series Processors,AMD PRO A-Series A8 APU for Laptops,Laptop,,4,4,6,10 (4 CPU + 6 GPU),1.9GHz,3.2GHz,,,4MB,,No,28nm,FP3,,,,100W,,,1600MHz,,2,,533 MHz,,AMD Radeon™ R5 Graphics,384,Yes,Yes,,
A6-8500P with Radeon™ R5 Graphics,AMD A-Series Processors,AMD A6-Series APU for Laptops,Laptop,,2,2,4,6 (2 CPU + 4 GPU),1.6GHz,3GHz,,,1MB,,No,28nm,FP4,,,,15W,,90°C,,,2,,800 MHz,,AMD Radeon™ R5 Graphics,,Yes,Yes,,
A6-8500P with Radeon™ R5 Graphics,AMD A-Series Processors,AMD A6-Series APU for AIOs,All-in-One,,2,2,4,6 (2 CPU + 4 GPU),1.6GHz,3GHz,,,1MB,,No,28nm,FP4,,,,,,90°C,,,2,,800 MHz,,AMD Radeon™ R5 Graphics,,Yes,Yes,,
A6-7470K with Radeon™ R5 Series,AMD A-Series Processors,AMD A6-Series APU for Desktops,Desktop,,2,,4,6 (2 CPU + 4 GPU),3.7GHz,4GHz,,256KB,1MB,,Yes,28nm,FM2+,,,,65W,45W/65WW,71.30°C,2133MHz,,2,,800 MHz,,AMD Radeon™ R5 Graphics,256,Yes,Yes,,
A6-7400K with Radeon™ R5 Series,AMD A-Series Processors,AMD A6-Series APU for Desktops,Desktop,,2,2,4,6 (2 CPU + 4 GPU),3.5GHz,3.9GHz,,128KB,1MB,,Yes,28nm,FM2+,,,,65W,45W/65WW,70°C,1866MHz,,2,,758 MHz,,AMD Radeon™ R5 Graphics,256,Yes,Yes,,
A6-7310 with Radeon™ R4 Graphics,AMD A-Series Processors,AMD A6-Series APU for Laptops,Laptop,,4,4,,,2GHz,2.4GHz,,,2MB,,No,28nm,FT3b,,,,15W,,90°C,1866MHz,,1,,800 MHz,,AMD Radeon™ R4 Graphics,,Yes,Yes,,
A6-7310 with Radeon™ R4 Graphics,AMD A-Series Processors,AMD A6-Series APU for Laptops,Laptop,,4,4,,,2GHz,2.4GHz,,,2MB,,No,28nm,FP4,,,,15W,,90°C,1866MHz,,1,,800 MHz,,AMD Radeon™ R4 Graphics,,Yes,Yes,,
A6-7310 with Radeon™ R4 Graphics,AMD A-Series Processors,AMD A6-Series APU for AIOs,All-in-One,,4,4,,,2GHz,2.4GHz,,,2MB,,No,28nm,FP4,,,,,,90°C,1866MHz,,1,,800 MHz,,AMD Radeon™ R4 Graphics,,Yes,Yes,,
A6-7000 with Radeon™ R4 Graphics,AMD A-Series Processors,AMD A6-Series APU for Laptops,Laptop,,2,2,3,5 (2 CPU + 3 GPU),2.2GHz,3GHz,,,1MB,,No,28nm,FT3,,,,17W,,,,,2,,533 MHz,,AMD Radeon™ R4 Graphics,,Yes,Yes,,
A6-6420K with Radeon™ HD 8470D,AMD A-Series Processors,AMD A6-Series APU for Desktops,Desktop,,2,2,,,4GHz,4.2GHz,,96KB,1MB,,Yes,32nm SOI,FM2,,,,65W,,70°C,1866MHz,,2,,800 MHz,,AMD Radeon™ HD 8470D,192,Yes,Yes,,
A6-6420B with Radeon™ HD 8470D,AMD A-Series Processors,AMD Business Class - Dual-Core A6-Series APU for Desktops,Desktop,,2,2,,,4GHz,4.2GHz,,96KB,1MB,,No,32nm SOI,FM2,,,,65W,,70°C,1866MHz,,2,,800 MHz,,AMD Radeon™ HD 8470D,192,Yes,Yes,,
A6-6400K with Radeon™ HD 8470D,AMD A-Series Processors,AMD A6-Series APU for Desktops,Desktop,,2,2,,,3.9GHz,4.1GHz,,96KB,1MB,,Yes,32nm SOI,FM2,,,,65W,,70°C,1866MHz,,2,,800 MHz,,AMD Radeon™ HD 8470D,192,Yes,Yes,,
A6-6400B with Radeon™ HD 8470D,AMD A-Series Processors,AMD Business Class - Dual-Core A6-Series APU for Desktops,Desktop,,2,2,,,3.9GHz,4.1GHz,,96KB,1MB,,No,32nm SOI,FM2,,,,65W,,70°C,1866MHz,,2,,800 MHz,,AMD Radeon™ HD 8470D,192,Yes,Yes,,
A6-6310 with Radeon™ R4 Graphics,AMD A-Series Processors,AMD A6-Series APU for Laptops,Laptop,,4,4,,,2.4GHz,,,,2MB,,No,28nm,FT3b,,,,15W,,,1865MHz,,1,,,,AMD Radeon™ R4 Graphics,,Yes,Yes,,
A6-6310 with Radeon™ R4 Graphics,AMD A-Series Processors,AMD A6-Series APU for Desktops,Desktop,,4,4,,,1.8GHz,2.4GHz,,128KB,2MB,,No,28nm,FT3b,,,,15/25W,,90°C,1866MHz,,1,,800 MHz,,AMD Radeon™ R4 Series,128,Yes,Yes,,
A6-5350M with Radeon™ HD 8450G,AMD A-Series Processors,AMD A6-Series APU for Laptops,Laptop,,2,2,,,2.9GHz,3.5GHz,,,2MB,,No,32nm,FS1r2,,,,35W,,,1600MHz,,2,,533 MHz,,AMD Radeon™ HD 8450G,,Yes,Yes,,
A6-5200M with Radeon™ HD 8400,AMD A-Series Processors,AMD A6-Series APU for Laptops,Laptop,,4,4,,,2GHz,,,,2MB,,No,28nm,FT3,,,,25W,,,,,1,,,,AMD Radeon™ HD 8400,,Yes,Yes,,
A6-5200 with Radeon™ HD 8400,AMD A-Series Processors,AMD A6-Series APU for Desktops,Desktop,,4,4,,,2GHz,,,256KB,2MB,,No,28nm,FT3,,,,25W,,90°C,1600MHz,,1,,600 MHz,,AMD Radeon™ HD 8400,128,Yes,Yes,,
A6 PRO-7400B with Radeon™ R5 Graphics,AMD PRO A-Series Processors,AMD PRO A-Series A6 APU for Desktops,Desktop,,2,2,4,6 (2 CPU + 4 GPU),3.5GHz,3.9GHz,,,1MB,,No,28nm,FM2+,,,,65W,35W/65WW,70°C,1866MHz,,2,,756 MHz,,AMD Radeon™ R5 Graphics,256,Yes,Yes,,
A6 PRO-7050B with Radeon™ R4 Graphics,AMD PRO A-Series Processors,AMD PRO A-Series A6 APU for Laptops,Laptop,,2,2,3,5 (2 CPU + 3 GPU),2.2GHz,3GHz,,,1MB,,No,28nm,FP3,,,,100W,,,1600MHz,,2,,533 MHz,,AMD Radeon™ R4 Graphics,192,Yes,Yes,,
A4-7300 with Radeon™ HD 8470D,AMD A-Series Processors,AMD A4-Series APU for Desktops,Desktop,,2,2,,,3.8GHz,4GHz,,96KB,1MB,,No,32nm SOI,FM2,,,,65W,,70°C,1600MHz,,2,,800 MHz,,AMD Radeon™ HD 8470D,192,Yes,Yes,,
A4-7210 with Radeon™ R3 Graphics,AMD A-Series Processors,AMD A4-Series APU for Laptops,Laptop,,4,4,,,1.8GHz,2.2GHz,,,2MB,,No,28nm,FT3b,,,,65W,,90°C,1600MHz,,1,,686 MHz,,AMD Radeon™ R3 Graphics,,Yes,Yes,,
A4-7210 with Radeon™ R3 Graphics,AMD A-Series Processors,AMD A4-Series APU for AIOs,All-in-One,,4,4,,,1.8GHz,2.2GHz,,,2MB,,No,28nm,FP4,,,,65W,,90°C,1600MHz,,1,,686 MHz,,AMD Radeon™ R3 Graphics,,Yes,Yes,,
A4-6320 with Radeon™ HD 8370D,AMD A-Series Processors,AMD A4-Series APU for Desktops,Desktop,,2,2,,,3.8GHz,4GHz,,96KB,1MB,,No,32nm SOI,FM2,,,,65W,,70°C,1600MHz,,2,,760 MHz,,AMD Radeon™ HD 8370D,128,Yes,Yes,,
A4-6300 with Radeon™ HD 8370D,AMD A-Series Processors,AMD A4-Series APU for Desktops,Desktop,,2,2,,,3.7GHz,3.9GHz,,96KB,1MB,,No,32nm SOI,FM2,,,,65W,,70°C,1600MHz,,2,,760 MHz,,AMD Radeon™ HD 8370D,128,Yes,Yes,,
A4-6210 with Radeon™ R3 Graphics,AMD A-Series Processors,AMD A4-Series APU for Laptops,Laptop,,4,4,,,1.8GHz,,,,2MB,,No,28nm,FT3b,,,,15W,,,1599MHz,,1,,,,AMD Radeon™ R3 Graphics,,Yes,Yes,,
A4-5100 with Radeon™ HD 8330,AMD A-Series Processors,AMD A4-Series APU for Laptops,"Laptop, Tablet",,4,4,,,1.55GHz,,,,2MB,,No,28nm,FT3,,,,15W,,,,,1,,,,AMD Radeon™ HD 8330,,Yes,Yes,,
A4-5100 with Radeon™ HD 8330,AMD A-Series Processors,AMD A4-Series APU for Desktops,Desktop,,4,4,,,1.55GHz,,,256KB,2MB,,No,28nm,FT3,,,,15W,,90°C,1600MHz,,1,,500 MHz,,AMD Radeon™ HD 8330,128,Yes,Yes,,
A4-5000 with Radeon™ HD 8330,AMD A-Series Processors,AMD A4-Series APU for Laptops,"Laptop, Tablet",,4,4,,,1.5GHz,,,,2MB,,No,28nm,FT3,,,,15W,,,,,1,,,,AMD Radeon™ HD 8330,,Yes,Yes,,
A4-5000 with Radeon™ HD 8330,AMD A-Series Processors,AMD A4-Series APU for Desktops,Desktop,,4,4,,,1.5GHz,,,256KB,2MB,,No,28nm,FT3,,,,15W,,90°C,1600MHz,,1,,500 MHz,,AMD Radeon™ HD 8330,128,Yes,Yes,,
A4 PRO-7350B with Radeon™ R5 Graphics,AMD PRO A-Series Processors,AMD PRO A-Series A4 APU for Desktops,Desktop,,2,2,3,5 (2 CPU + 3 GPU),3.4GHz,3.8GHz,,,1MB,,No,28nm,FM2+,,,,65W,35W/65WW,70°C,1866MHz,,2,,514 MHz,,AMD Radeon™ R5 Graphics,192,Yes,Yes,,
A4 PRO-7300B with Radeon™ HD 8470D,AMD PRO A-Series Processors,AMD PRO A-Series A4 APU for Desktops,Desktop,,2,2,,,3.8GHz,4GHz,,96KB,1MB,,No,32nm SOI,FM2,,,,65W,,70°C,1600MHz,,2,,800 MHz,,AMD Radeon™ HD 8470D,192,Yes,Yes,,
A4 PRO-3350B with Radeon™ R4 Graphics,AMD PRO A-Series Processors,AMD PRO A-Series A4 APU for Laptops,Laptop,Q2 2016,4,4,2,,2GHz,2.4GHz,,,2MB,,No,28nm,FT3b,,,,15W,,90°C,1600MHz,,1,,800 MHz,,AMD Radeon™ R4 Graphics,128,Yes,Yes,,
A4 PRO-3340B with Radeon™ HD 8240 Graphics,AMD PRO A-Series Processors,AMD PRO A-Series A4 APU for Laptops,Laptop,,4,4,2,,2.2GHz,,,,2MB,,No,28nm,FT3,,,,25W,,,1600MHz,,1,,400 MHz,,AMD Radeon™ HD 8240 Graphics,128,Yes,Yes,,
A4 Micro-6400T with Radeon™ R3 Graphics,AMD A-Series Processors,AMD A4-Series APU for Laptops,"Laptop, Tablet",,4,4,,,1.6GHz,,,,2MB,,No,28nm,FT3b,,,,4.5W,,,1333MHz,,1,,,,AMD Radeon™ R3 Graphics,,Yes,Yes,,
6386 SE,AMD Opteron™,AMD Opteron™ 6300 Series Processor,Server,,16,16,,,2.8GHz,3.5GHz,,48KB,16MB,16MB,No,32nm,G34,,n/a,,140W,,64.40°C,2000MHz,DDR3,,,,,,,,,,
6380,AMD Opteron™,AMD Opteron™ 6300 Series Processor,Server,,16,16,,,2.5GHz,3.4GHz,,768KB,16MB,16MB,No,32nm,G34,,n/a,,115W,,69°C,2000MHz,DDR3,,,,,,,,,,
6378,AMD Opteron™,AMD Opteron™ 6300 Series Processor,Server,,16,16,,,2.4GHz,3.3GHz,,768KB,16MB,16MB,No,32nm,G34,,n/a,,115W,,69°C,2000MHz,DDR3,,,,,,,,,,
6376,AMD Opteron™,AMD Opteron™ 6300 Series Processor,Server,,16,16,,,2.3GHz,2GHz,,768KB,16MB,16MB,No,32nm,G34,,n/a,,115W,,69°C,2000MHz,DDR3,,,,,,,,,,
6370P,AMD Opteron™,AMD Opteron™ 6300 Series Processor,Server,,16,16,,,2GHz,2.5GHz,,48KB,16MB,16MB,No,32nm,G34,,n/a,,99W,,69°C,2000MHz,DDR3,,,,,,,,,,
6366 HE,AMD Opteron™,AMD Opteron™ 6300 Series Processor,Server,,16,16,,,1.8GHz,3.1GHz,,768KB,16MB,16MB,No,32nm,G34,,n/a,,85W,,65°C,1800MHz,DDR3,,,,,,,,,,
6348,AMD Opteron™,AMD Opteron™ 6300 Series Processor,Server,,12,12,,,2.8GHz,3.4GHz,,576KB,12MB,16MB,No,32nm,G34,,n/a,,115W,,70.40°C,2000MHz,DDR3,,,,,,,,,,
6344,AMD Opteron™,AMD Opteron™ 6300 Series Processor,Server,,12,12,,,2.6GHz,2GHz,,576KB,12MB,16MB,No,32nm,G34,,n/a,,115W,,70.40°C,2000MHz,DDR3,,,,,,,,,,
6338P,AMD Opteron™,AMD Opteron™ 6300 Series Processor,Server,,12,12,,,2.3GHz,2.8GHz,,48KB,12MB,16MB,No,32nm,G34,,n/a,,99W,,69°C,2000MHz,DDR3,,,,,,,,,,
6328,AMD Opteron™,AMD Opteron™ 6300 Series Processor,Server,,8,8,,,3.2GHz,3.8GHz,,384KB,8MB,16MB,No,32nm,G34,,n/a,,115W,,71.70°C,2000MHz,DDR3,,,,,,,,,,
6320,AMD Opteron™,AMD Opteron™ 6300 Series Processor,Server,,8,8,,,2.8GHz,3.3GHz,,384KB,8MB,16MB,No,32nm,G34,,n/a,,115W,,71.70°C,2000MHz,DDR3,,,,,,,,,,
6308,AMD Opteron™,AMD Opteron™ 6300 Series Processor,Server,,4,4,,,3.5GHz,,,192KB,4MB,16MB,No,32nm,G34,,n/a,,115W,,74.40°C,2000MHz,DDR3,,,,,,,,,,
6284 SE,AMD Opteron™,AMD Opteron™ 6200 Series Processor,Server,,16,16,,,2.7GHz,3.4GHz,,768KB,16MB,16MB,No,32nm,G34,,n/a,,140W,,64.40°C,2000MHz,DDR3,,,,,,,,,,
6282 SE,AMD Opteron™,AMD Opteron™ 6200 Series Processor,Server,,16,16,,,2.6GHz,3.3GHz,,768KB,16MB,16MB,No,32nm,G34,,n/a,,140W,,64.40°C,2000MHz,DDR3,,,,,,,,,,
6278,AMD Opteron™,AMD Opteron™ 6200 Series Processor,Server,,16,16,,,2.4GHz,3.3GHz,,768KB,16MB,16MB,No,32nm,G34,,n/a,,115W,,69°C,2000MHz,DDR3,,,,,,,,,,
6276,AMD Opteron™,AMD Opteron™ 6200 Series Processor,Server,,16,16,,,2.3GHz,3.2GHz,,768KB,16MB,16MB,No,32nm,G34,,n/a,,115W,,69°C,2000MHz,DDR3,,,,,,,,,,
6274,AMD Opteron™,AMD Opteron™ 6200 Series Processor,Server,,16,16,,,2.2GHz,3.1GHz,,768KB,16MB,16MB,No,32nm,G34,,n/a,,115W,,69°C,2000MHz,DDR3,,,,,,,,,,
6272,AMD Opteron™,AMD Opteron™ 6200 Series Processor,Server,,16,16,,,2.1GHz,3GHz,,768KB,16MB,16MB,No,32nm,G34,,n/a,,115W,,69°C,2000MHz,DDR3,,,,,,,,,,
6262 HE,AMD Opteron™,AMD Opteron™ 6200 Series Processor,Server,,16,16,,,1.6GHz,2.9GHz,,768KB,16MB,16MB,No,32nm,G34,,n/a,,85W,,65°C,1800MHz,DDR3,,,,,,,,,,
6238,AMD Opteron™,AMD Opteron™ 6200 Series Processor,Server,,12,12,,,2.6GHz,3.2GHz,,576KB,12MB,16MB,No,32nm,G34,,n/a,,115W,,70.40°C,2000MHz,DDR3,,,,,,,,,,
6234,AMD Opteron™,AMD Opteron™ 6200 Series Processor,Server,,12,12,,,2.4GHz,3GHz,,576KB,12MB,16MB,No,32nm,G34,,n/a,,115W,,70.40°C,2000MHz,DDR3,,,,,,,,,,
6220,AMD Opteron™,AMD Opteron™ 6200 Series Processor,Server,,8,8,,,3GHz,3.6GHz,,384KB,8MB,16MB,No,32nm,G34,,n/a,,115W,,71.70°C,2000MHz,DDR3,,,,,,,,,,
6212,AMD Opteron™,AMD Opteron™ 6200 Series Processor,Server,,8,8,,,2.6GHz,3.2GHz,,384KB,8MB,16MB,No,32nm,G34,,n/a,,115W,,71.70°C,2000MHz,DDR3,,,,,,,,,,
6204,AMD Opteron™,AMD Opteron™ 6200 Series Processor,Server,,4,4,,,3.3GHz,,,512KB,4MB,16MB,No,32nm,G34,,n/a,,115W,,74.40°C,2000MHz,DDR3,,,,,,,,,,
6180 SE,AMD Opteron™,AMD Opteron™ 6100 Series Processor,Server,,12,12,,,2.5GHz,,,1536KB,6MB,12MB,No,,G34,,n/a,,140W,,64°C,1800MHz,DDR3,,,,,,,,,,
6176,AMD Opteron™,AMD Opteron™ 6100 Series Processor,Server,,12,12,,,2.3GHz,,,1536KB,6MB,12MB,No,,G34,,n/a,,115W,,69°C,1800MHz,DDR3,,,,,,,,,,
6166 HE,AMD Opteron™,AMD Opteron™ 6100 Series Processor,Server,,12,12,,,1.8GHz,,,1536KB,6MB,12MB,No,,G34,,n/a,,85W,,69°C,1800MHz,DDR3,,,,,,,,,,
6140,AMD Opteron™,AMD Opteron™ 6100 Series Processor,Server,,8,8,,,2.6GHz,,,1024KB,4MB,12MB,No,,G34,,n/a,,115W,,69°C,1800MHz,DDR3,,,,,,,,,,
6132 HE,AMD Opteron™,AMD Opteron™ 6100 Series Processor,Server,,8,8,,,2.2GHz,,,1024KB,4MB,12MB,No,,G34,,n/a,,85W,,66°C,1800MHz,DDR3,,,,,,,,,,
4386,AMD Opteron™,AMD Opteron™ 4300 Series Processor,Server,,8,8,,,3.1GHz,3.8GHz,,384KB,8MB,8MB,No,32nm,C32,,n/a,,95W,,70.50°C,2200MHz,DDR3,,,,,,,,,,
4376 HE,AMD Opteron™,AMD Opteron™ 4300 Series Processor,Server,,8,8,,,2.6GHz,3.6GHz,,384KB,8MB,8MB,No,32nm,C32,,n/a,,65W,,68°C,2000MHz,DDR3,,,,,,,,,,
4365,AMD Opteron™,AMD Opteron™ 4300 Series Processor,Server,,8,8,,,2GHz,2.8GHz,,384KB,8MB,8MB,No,32nm,C32,,n/a,,40W,,70°C,1600MHz,DDR3,,,,,,,,,,
4340,AMD Opteron™,AMD Opteron™ 4300 Series Processor,Server,,6,6,,,3.5GHz,3.8GHz,,288KB,6MB,8MB,No,32nm,C32,,n/a,,95W,,67.70°C,2200MHz,DDR3,,,,,,,,,,
4334,AMD Opteron™,AMD Opteron™ 4300 Series Processor,Server,,6,6,,,3.1GHz,3.5GHz,,288KB,6MB,8MB,No,32nm,C32,,n/a,,95W,,67.70°C,2000MHz,DDR3,,,,,,,,,,
4332 HE,AMD Opteron™,AMD Opteron™ 4300 Series Processor,Server,,6,6,,,3GHz,3.7GHz,,288KB,6MB,8MB,No,32nm,C32,,n/a,,65W,,68°C,2000MHz,DDR3,,,,,,,,,,
4310 EE,AMD Opteron™,AMD Opteron™ 4300 Series Processor,Server,,6,6,,,2.2GHz,3GHz,,192KB,4MB,8MB,No,32nm,C32,,n/a,,35W,,85°C,1600MHz,DDR3,,,,,,,,,,
4284,AMD Opteron™,AMD Opteron™ 4200 Series Processor,Server,,8,8,,,3GHz,3.7GHz,,384KB,8MB,8MB,No,32nm,C32,,n/a,,95W,,70.50°C,2200MHz,DDR3,,,,,,,,,,
4280,AMD Opteron™,AMD Opteron™ 4200 Series Processor,Server,,8,8,,,2.8GHz,2.2GHz,,384KB,8MB,8MB,No,32nm,C32,,n/a,,95W,,70.50°C,2200MHz,DDR3,,,,,,,,,,
4276 HE,AMD Opteron™,AMD Opteron™ 4200 Series Processor,Server,,8,8,,,2.6GHz,3.6GHz,,384KB,8MB,8MB,No,32nm,C32,,n/a,,65W,,68°C,2000MHz,DDR3,,,,,,,,,,
4274 HE,AMD Opteron™,AMD Opteron™ 4200 Series Processor,Server,,8,8,,,2.5GHz,3.5GHz,,384KB,8MB,8MB,No,32nm,C32,,n/a,,65W,,68°C,2000MHz,DDR3,,,,,,,,,,
4256 EE,AMD Opteron™,AMD Opteron™ 4200 Series Processor,Server,,8,8,,,1.6GHz,2.8GHz,,384KB,8MB,8MB,No,32nm,C32,,n/a,,35W,,64°C,1600MHz,DDR3,,,,,,,,,,
4240,AMD Opteron™,AMD Opteron™ 4200 Series Processor,Server,,6,6,,,3.4GHz,3.8GHz,,288KB,6MB,8MB,No,32nm,C32,,n/a,,95W,,70.50°C,,DDR3,,,,,,,,,,
4238,AMD Opteron™,AMD Opteron™ 4200 Series Processor,Server,,6,6,,,3.3GHz,3.7GHz,,288KB,6MB,8MB,No,32nm,C32,,n/a,,95W,,70.50°C,2200MHz,DDR3,,,,,,,,,,
4234,AMD Opteron™,AMD Opteron™ 4200 Series Processor,Server,,6,6,,,3.1GHz,3.5GHz,,288KB,6MB,8MB,No,32nm,C32,,n/a,,95W,,70.50°C,2200MHz,DDR3,,,,,,,,,,
4230 HE,AMD Opteron™,AMD Opteron™ 4200 Series Processor,Server,,6,6,,,2.9GHz,3.7GHz,,288KB,6MB,8MB,No,32nm,C32,,n/a,,65W,,68°C,2000MHz,DDR3,,,,,,,,,,
4228 HE,AMD Opteron™,AMD Opteron™ 4200 Series Processor,Server,,6,6,,,2.8GHz,3.6GHz,,288KB,6MB,8MB,No,32nm,C32,,n/a,,65W,,68°C,2000MHz,DDR3,,,,,,,,,,
4226,AMD Opteron™,AMD Opteron™ 4200 Series Processor,Server,,6,6,,,2.7GHz,3.1GHz,,288KB,6MB,8MB,No,32nm,C32,,n/a,,95W,,70.50°C,2000MHz,DDR3,,,,,,,,,,
3380,AMD Opteron™,AMD Opteron™ 3300 Series Processor,Server,,8,8,,,2.6GHz,3.6GHz,,384KB,8MB,8MB,No,32nm,AM3+,,n/a,,65W,,70.30°C,2000MHz,DDR3,,,,,,,,,,
3365,AMD Opteron™,AMD Opteron™ 3300 Series Processor,Server,,8,8,,,2.3GHz,3.3GHz,,384KB,8MB,8MB,No,32nm,AM3+,,n/a,,65W,,70.30°C,2000MHz,DDR3,,,,,,,,,,
3350 HE,AMD Opteron™,AMD Opteron™ 3300 Series Processor,Server,,4,4,,,2.8GHz,3.8GHz,,192KB,4MB,8MB,No,32nm,AM3+,,n/a,,45W,,69.10°C,2000MHz,DDR3,,,,,,,,,,
3320 EE,AMD Opteron™,AMD Opteron™ 3300 Series Processor,Server,,4,4,,,1.9GHz,2.5GHz,,192KB,4MB,8MB,No,32nm,AM3+,,n/a,,25W,,70°C,1400MHz,DDR3,,,,,,,,,,
3280,AMD Opteron™,AMD Opteron™ 3200 Series Processor,Server,,8,8,,,2.4GHz,3.4GHz,,384KB,8MB,8MB,No,32nm,AM3+,,n/a,,65W,,61.10°C,2000MHz,DDR3,,,,,,,,,,
3260 HE,AMD Opteron™,AMD Opteron™ 3200 Series Processor,Server,,4,4,,,2.7GHz,3.7GHz,,192KB,4MB,4MB,No,32nm,AM3+,,n/a,,45W,,61.10°C,2000MHz,DDR3,,,,,,,,,,
3250 HE,AMD Opteron™,AMD Opteron™ 3200 Series Processor,Server,,,,,,2.5GHz,3.5GHz,,192KB,4MB,4MB,No,32nm,AM3+,,n/a,,45W,,,2000MHz,DDR3,,,,,,,,,,
2800+,AMD Sempron™,AMD Sempron™,Desktop,,,,,,56MHz,,,,,,No,65nm,939,,n/a,,45W,,70°C,,Not Listed,,,,,Discrete Graphics Card Required,,,,,
1075T,AMD Phenom™,AMD Phenom™ II X6,Desktop,,6,6,,,3.5GHz,,,768KB,3MB,6MB,No,,AM3,,n/a,,95W,,,,DDR3,,,,,Discrete Graphics Card Required,,,,,
1045T,AMD Phenom™,AMD Phenom™ II X6,Desktop,,,,,,2.7GHz,3.2GHz,,768KB,3MB,6MB,No,,AM3,,n/a,,95W,,71°C,,Not Listed,,,,,Discrete Graphics Card Required,,,,,
980,AMD Phenom™,AMD Phenom™ II X4 Black,Desktop,,4,4,,,3.7GHz,,,512KB,2MB,6MB,Yes,,AM3,,n/a,,125W,,,,DDR3,,,,,Discrete Graphics Card Required,,,,,
975,AMD Phenom™,AMD Phenom™ II X4 Black,Desktop,,4,4,,,3.6GHz,,,512KB,2MB,6MB,Yes,45nm SOI,AM3,,n/a,,125W,,62°C,,DDR3,,,,,Discrete Graphics Card Required,,,,,
965,AMD Phenom™,AMD Phenom™ II X4 Black,Desktop,,4,4,,,3.4GHz,,,,2MB,,Yes,,AM3,,n/a,,80W,,,,Not Listed,,,,,Discrete Graphics Card Required,,,,,
960T,AMD Phenom™,AMD Phenom™ II X4 Black,Desktop,,4,4,,,3GHz,3.4GHz,,512KB,512KB,,Yes,,AM3,,n/a,,95W,,71°C,,Not Listed,,,,,Discrete Graphics Card Required,,,,,
880K with Near Silent Thermal Solution,AMD Athlon™ Processors,AMD Athlon™ X4,Desktop,,4,,,,4GHz,4.2GHz,,256KB,4MB,,Yes,28nm,FM2+,,,Near Silent 125W,95W,,72.40°C,2133MHz,DDR3,2,,,,Discrete Graphics Card Required,,,,,
870K with Near Silent Thermal Solution,AMD Athlon™ Processors,AMD Athlon™ X4,Desktop,,4,4,,,3.9GHz,4.1GHz,,128KB,4MB,,Yes,28nm,FM2+,,PCIe 3.0,Near Silent 95W,95W,,72.40°C,2133MHz,DDR3,2,,,,Discrete Graphics Card Required,,,,,
860K,AMD Athlon™ Processors,AMD Athlon™ X4,Desktop,,4,4,,,3.7GHz,4GHz,,128KB,4MB,,Yes,28nm,FM2+,,PCIe 3.0,,95W,,72.40°C,2133MHz,DDR3,2,,,,Discrete Graphics Card Required,,,,,
860K with Near Silent Thermal Solution,AMD Athlon™ Processors,AMD Athlon™ X4,Desktop,,4,4,,,3.7GHz,4GHz,,128KB,4MB,,Yes,28nm,FM2+,,PCIe 3.0,Near Silent 95W,95W,,72.40°C,2133MHz,DDR3,2,,,,Discrete Graphics Card Required,,,,,
850,AMD Phenom™,AMD Phenom™ II X4,Desktop,,4,4,,,3.3GHz,,,512KB,2MB,,No,,AM3,,n/a,,95W,,,,Not Listed,,,,,Discrete Graphics Card Required,,,,,
845 with Near Silent Thermal Solution,AMD Athlon™ Processors,AMD Athlon™ X4,Desktop,,4,4,,,3.5GHz,3.8GHz,,,2MB,,No,28nm,FM2+,,PCIe 3.0,Near Silent 95W,,,71.30°C,2133MHz,DDR3,2,,,,Discrete Graphics Card Required,,,,,
840,AMD Phenom™,AMD Phenom™ II X4,Desktop,,4,4,,,3.2GHz,,,512KB,2MB,,No,,AM3,,n/a,,95W,,71°C,,DDR3,,,,,Discrete Graphics Card Required,,,,,
760K,AMD Athlon™ Processors,AMD Athlon™ X4,Desktop,,4,4,,,3.8GHz,4.1GHz,,,4MB,,Yes,32nm,FM2,,Not Listed,,100W,,,,Not Listed,,,,,Discrete Graphics Card Required,,,,,
750K,AMD Athlon™ Processors,AMD Athlon™ X4,Desktop,,4,4,,,3.4GHz,4GHz,,,4MB,,No,32nm,FM2,,Not Listed,,100W,,,,Not Listed,,,,,Discrete Graphics Card Required,,,,,
750,AMD Athlon™ Processors,AMD Athlon™ X4,Desktop,,4,,,,3.4GHz,4GHz,,192KB,4MB,,No,,FM2,,n/a,,65W,,71.30°C,1866MHz,DDR3,2,,,,Discrete Graphics Card Required,,,,,
740,AMD Athlon™ Processors,AMD Athlon™ X4,Desktop,,4,4,,,3.2GHz,3.7GHz,,,4MB,,No,32nm,FM2,,Not Listed,,65W,,,,Not Listed,,,,,Discrete Graphics Card Required,,,,,
641,AMD Athlon™ Processors,AMD Athlon™ II X4,Desktop,,4,4,,,2.8GHz,,,512KB,4MB,,No,32nm,FM1 uPGA,,Not Listed,,100W,,70.10°C,,Not Listed,,,,,Discrete Graphics Card Required,,,,,
638,AMD Athlon™ Processors,AMD Athlon™ II X4,Desktop,,4,4,,,2.7GHz,,,512KB,4MB,,No,32nm,FM1 uPGA,,Not Listed,,65W,,70.10°C,,Not Listed,,,,,Discrete Graphics Card Required,,,,,
631,AMD Athlon™ Processors,AMD Athlon™ II X4,Desktop,,4,4,,,2.6GHz,,,,4MB,,No,32nm,FM1 uPGA,,Not Listed,,100W,,70.10°C,,Not Listed,,,,,Discrete Graphics Card Required,,,,,
631,AMD Athlon™ Processors,AMD Athlon™ II X4,Desktop,,4,4,,,2.6GHz,,,,4MB,,No,32nm,FM1 uPGA,,Not Listed,,65W,,,,Not Listed,,,,,Discrete Graphics Card Required,,,,,
620e,AMD Athlon™ Processors,AMD Athlon™ II X4,Desktop,,4,4,,,2.7GHz,,,,,,No,,AM3,,Not Listed,,45W,,,,DDR3,,,,,Discrete Graphics Card Required,,,,,
570,AMD Phenom™,AMD Phenom™ II X2 Black,Desktop,,2,2,,,4GHz,,,,,6MB,Yes,,AM3,,n/a,,80W,,,,DDR3,,,,,Discrete Graphics Card Required,,,,,
565,AMD Phenom™,AMD Phenom™ II X2,Desktop,,2,2,,,3.4GHz,,,256KB,1MB,6MB,Yes,,AM3,,n/a,,80W,,70°C,,DDR3,,,,,Discrete Graphics Card Required,,,,,
565,AMD Phenom™,AMD Phenom™ II X2 Black,Desktop,,2,2,,,3.4GHz,,,0KB,1MB,,Yes,45nm SOI,AM3,,,,80W,,,,Not Listed,,,,,Discrete Graphics Card Required,,,,,
555,AMD Phenom™,AMD Phenom™ II X2 Black,Desktop,,2,2,,,3.2GHz,,,,1MB,,Yes,,AM3,,n/a,,80W,,,,Not Listed,,,,,Discrete Graphics Card Required,,,,,
460,AMD Athlon™ Processors,AMD Athlon™ II X3,Desktop,,3,3,,,3.4GHz,,,384KB,1.5MB,,No,,AM3,,Not Listed,,95W,,75°C,,DDR3,,,,,Discrete Graphics Card Required,,,,,
425e,AMD Athlon™ Processors,AMD Athlon™ II X3,Desktop,,3,3,,,2.7GHz,,,384KB,1.5MB,,No,,AM3,,Not Listed,,45W,,,,DDR3,,,,,Discrete Graphics Card Required,,,,,
255e,AMD Athlon™ Processors,AMD Athlon™ II X2,Desktop,,2,2,,,3.1GHz,,,256KB,2MB,,No,,AM3,,Not Listed,,45W,,72°C,,DDR3,,,,,Discrete Graphics Card Required,,,,,
7th Gen FX™ 9830P APU,AMD FX-Series Processors,AMD FX-Series Processors for Laptops,Laptop,Q216,4,,8,,3GHz,3.7GHz,,,2MB,,No,28nm,FP4,,,,35W,25-45WW,90°C,2400MHz,,2,,900 MHz,,AMD Radeon™ R7 Graphics,,Yes,Yes,,
7th Gen FX™ 9800P APU,AMD FX-Series Processors,AMD FX-Series Processors for Laptops,Laptop,Q216,4,,8,,2.7GHz,3.6GHz,,,2MB,,No,28nm,FP4,,,,15W,12-15WW,90°C,1866MHz,,2,,758 MHz,,AMD Radeon™ R7 Graphics,,Yes,Yes,,
7th Gen E2-9010 APU,AMD E-Series Processors,AMD E2-Series APU for Laptops,Laptop,Q217,2,,2,4 (2 CPU + 2 GPU),200MHz,2.2GHz,,,1MB,,No,28nm,,,PCIe 3.0 x8,,15W,10-15WW,90°C,186MHz,,,,600 MHz,,AMD Radeon™ R5 Graphics,2,Yes,Yes,,
7th Gen AMD PRO A12-9830B APU,AMD PRO A-Series Processors,AMD PRO A-Series A12 APU for Laptops,Laptop,10/24/2016,4,,8,,3GHz,3.7GHz,,,2MB,,No,28nm,FP4,,,,35W,25W/45WW,90°C,2400MHz,,2,,900 MHz,,R7,,Yes,Yes,,
7th Gen AMD PRO A12-9800E APU,AMD PRO A-Series Processors,AMD PRO A-Series A12 APU for Desktops,Desktop,10/03/2016,4,,8,,3.1GHz,3.8GHz,,,2MB,,No,28nm,AM4,,PCIe 3.0,,35W,,90°C,2400MHz,,2,,900 MHz,,R7,,Yes,Yes,,
7th Gen AMD PRO A12-9800B APU,AMD PRO A-Series Processors,AMD PRO A-Series A12 APU for Laptops,Laptop,10/24/2016,4,,8,,2.7GHz,3.6GHz,,,2MB,,No,28nm,FP4,,,,15W,12W/15WW,90°C,1866MHz,,2,,758 MHz,,R7,,Yes,Yes,,
7th Gen AMD PRO A12-9800 APU,AMD PRO A-Series Processors,AMD PRO A-Series A12 APU for Desktops,Desktop,10/03/2016,4,,8,,3.8GHz,4.2GHz,,,2MB,,No,28nm,AM4,,PCIe 3.0,,65W,,90°C,2400MHz,,2,,1108 MHz,,R7,,Yes,Yes,,
7th Gen AMD PRO A10-9730B APU,AMD PRO A-Series Processors,AMD PRO A-Series A10 APU for Laptops,Laptop,10/24/2016,4,,6,,2.8GHz,3.5GHz,,,2MB,,No,28nm,FP4,,,,35W,25W/45WW,90°C,2400MHz,,2,,900 MHz,,R7,,Yes,Yes,,
7th Gen AMD PRO A10-9700E APU,AMD PRO A-Series Processors,AMD PRO A-Series A10 APU for Desktops,Desktop,10/03/2016,4,,6,,3GHz,3.5GHz,,,2MB,,No,28nm,AM4,,PCIe 3.0,,35W,,90°C,2400MHz,,2,,847 MHz,,R7,,Yes,Yes,,
7th Gen AMD PRO A10-9700B APU,AMD PRO A-Series Processors,AMD PRO A-Series A10 APU for Laptops,Laptop,10/24/2016,4,,6,,2.5GHz,3.4GHz,,,2MB,,No,28nm,FP4,,,,15W,12W/15WW,90°C,1866MHz,,2,,758 MHz,,R7,,Yes,Yes,,
7th Gen AMD PRO A10-9700 APU,AMD PRO A-Series Processors,AMD PRO A-Series A10 APU for Desktops,Desktop,10/03/2016,4,,6,,3.5GHz,3.8GHz,,,2MB,,No,28nm,AM4,,PCIe 3.0,,65W,45W/65WW,90°C,2400MHz,,2,,1029 MHz,,R7,,Yes,Yes,,
7th Gen AMD PRO A8-9630B,AMD PRO A-Series Processors,AMD PRO A-Series A8 APU for Laptops,Laptop,10/24/2016,4,,6,,2.6GHz,3.3GHz,,,2MB,,No,28nm,FP4,,,,35W,25W/45WW,90°C,2400MHz,,2,,800 MHz,,R5,,Yes,Yes,,
7th Gen AMD PRO A8-9600B APU,AMD PRO A-Series Processors,AMD PRO A-Series A8 APU for Laptops,Laptop,10/24/2016,4,,6,,2.4GHz,3.3GHz,,,2MB,,No,28nm,FP4,,,,15W,12W/15WW,90°C,1866MHz,,2,,720 MHz,,R5,,Yes,Yes,,
7th Gen AMD PRO A8-9600 APU,AMD PRO A-Series Processors,AMD PRO A-Series A8 APU for Desktops,Desktop,10/03/2016,4,,6,,3.1GHz,3.4GHz,,,2MB,,No,28nm,AM4,,PCIe 3.0,,65W,45W/65WW,90°C,2400MHz,,2,,900 MHz,,R7,,Yes,Yes,,
7th Gen AMD PRO A6-9500E APU,AMD PRO A-Series Processors,AMD PRO A-Series A6 APU for Desktops,Desktop,10/03/2016,2,,4,,3GHz,3.4GHz,,,1MB,,No,28nm,AM4,,PCIe 3.0,,35W,,90°C,2400MHz,,2,,800 MHz,,R5,,Yes,Yes,,
7th Gen AMD PRO A6-9500B APU,AMD PRO A-Series Processors,AMD PRO A-Series A6 APU for Laptops,Laptop,10/24/2016,2,,4,,2.3GHz,3.2GHz,,,1MB,,No,28nm,FP4,,,,15W,12W/15WW,90°C,1866MHz,,2,,800 MHz,,R5,,Yes,Yes,,
7th Gen AMD PRO A6-9500 APU,AMD PRO A-Series Processors,AMD PRO A-Series A6 APU for Desktops,Desktop,10/03/2016,2,,6,,3.5GHz,3.8GHz,,,1MB,,No,28nm,AM4,,PCIe 3.0,,65W,45W/65WW,90°C,2400MHz,,2,,1029 MHz,,R5,,Yes,Yes,,
7th Gen AMD PRO A6-7350B APU,AMD PRO A-Series Processors,AMD PRO A-Series A6 APU for Laptops,Laptop,Q1 2018,2,,3,5 (2 CPU + 3 GPU),3GHz,3.6GHz,,,1MB,,No,28nm,,,PCIe 3.0,,15W,,90°C,2133MHz,,1,,,847 MHz,AMD Radeon™ R5 Graphics,,Yes,Yes,,
7th Gen AMD PRO A4-4350B APU,AMD PRO A-Series Processors,AMD PRO A-Series A4 APU for Laptops,Laptop,Q1 2018,2,,3,5 (2 CPU + 3 GPU),2.5GHz,2.9GHz,,,1MB,,No,28nm,,,PCIe 3.0,,15W,,90°C,2133MHz,,1,,,655 MHz,AMD Radeon™ R4 Graphics,,Yes,Yes,,
7th Gen AMD Athlon™ X4 970,AMD Athlon™ Processors,AMD Athlon™ X4,Desktop,7/27/2017,4,4,,,3.8GHz,4GHz,,,2MB,,Yes,28nm,AM4,,PCIe 3.0,,65W,,,2400MHz,DDR4,,,,,Discrete Graphics Card Required,,,,,
7th Gen AMD Athlon™ X4 950,AMD Athlon™ Processors,AMD Athlon™ X4,Desktop,7/27/2017,4,4,,,3.5GHz,3.8GHz,,,2MB,,Yes,28nm,AM4,,PCIe 3.0,,,45/65W,,2400MHz,DDR4,,,,,Discrete Graphics Card Required,,,,,
7th Gen AMD Athlon™ X4 940,AMD Athlon™ Processors,AMD Athlon™ X4,Desktop,7/27/2017,4,4,,,3.2GHz,3.6GHz,,,2MB,,Yes,28nm,AM4,,PCIe 3.0,,,45/65W,,2400MHz,DDR4,,,,,Discrete Graphics Card Required,,,,,
7th Gen A12-9800E APU,AMD A-Series Processors,AMD A12-Series APU for Desktops,Desktop,9/5/2016,4,,8,12 (4 CPU + 8 GPU),3.1GHz,3.8GHz,,,2MB,,Yes,28nm,AM4,,PCIe 3.0 x8,,35W,,90°C,2400MHz,,2,,900 MHz,,Radeon™ R7 Series,,Yes,Yes,,
7th Gen A12-9800 APU,AMD A-Series Processors,AMD A12-Series APU for Desktops,Desktop,"Channel: 7/27/2017, OEM: 9/5/2016",4,,8,12 (4 CPU + 8 GPU),3.8GHz,4.2GHz,,,2MB,,Yes,28nm,AM4,,PCIe 3.0 x8,,65W,,90°C,2400MHz,,2,,1108 MHz,,Radeon™ R7 Series,,Yes,Yes,,
7th Gen A12-9730P APU,AMD A-Series Processors,AMD A12-Series APU for Laptops,Laptop,Q216,4,,6,,2.8GHz,3.5GHz,,,2MB,,No,28nm,FP4,,,,35W,25-45WW,90°C,2400MHz,,2,,900 MHz,,AMD Radeon™ R7 Graphics,,Yes,Yes,,
7th Gen A12-9700P APU,AMD A-Series Processors,AMD A12-Series APU for Laptops,Laptop,Q216,4,,6,,2.5GHz,3.4GHz,,,2MB,,No,28nm,FP4,,,,15W,12-15WW,90°C,1866MHz,,2,,758 MHz,,AMD Radeon™ R7 Graphics,,Yes,Yes,,
7th Gen A10-9700E APU,AMD A-Series Processors,AMD A10-Series APU for Desktops,Desktop,9/5/2016,4,,6,10 (4 CPU + 6 GPU),3GHz,3.5GHz,,,2MB,,Yes,28nm,AM4,,PCIe 3.0 x8,,35W,,90°C,2400MHz,,3,,847 MHz,,Radeon™ R7 Series,,Yes,Yes,,
7th Gen A10-9700 APU,AMD A-Series Processors,AMD A10-Series APU for Desktops,Desktop,"Channel: 7/27/2017, OEM: 9/5/2016",4,,6,10 (4 CPU + 6 GPU),3.5GHz,3.8GHz,,,2MB,,Yes,28nm,AM4,,PCIe 3.0 x8,,65W,45/65W,90°C,2400MHz,,2,,1029 MHz,,Radeon™ R7 Series,,Yes,Yes,,
7th Gen A10-9630P APU,AMD A-Series Processors,AMD A10-Series APU for Laptops,Laptop,Q216,4,,6,,2.6GHz,3.3GHz,,,2MB,,No,28nm,FP4,,,,35W,25-45WW,90°C,2400MHz,,2,,800 MHz,,AMD Radeon™ R5 Graphics,,Yes,Yes,,
7th Gen A10-9600P APU,AMD A-Series Processors,AMD A10-Series APU for Laptops,Laptop,Q216,4,,6,,2.4GHz,3.3GHz,,,2MB,,No,28nm,FP4,,,,15W,12-15WW,90°C,1866MHz,,2,,720 MHz,,AMD Radeon™ R5 Graphics,,Yes,Yes,,
7th Gen A9-9425 APU,AMD A-Series Processors,AMD A9-Series APU for Laptops,Laptop,2Q18,2,,3,5 (2 CPU + 3 GPU),3.1GHz,3.7GHz,,,1MB,,No,28nm,,,PCIe 3.0,,15W,10-15W,90°C,2133MHz,,1,,900 MHz,,AMD Radeon™ R5 Graphics,,Yes,Yes,,
7th Gen A9-9420 APU,AMD A-Series Processors,AMD A9-Series APU for Laptops,Laptop,Q217,2,,3,5 (2 CPU + 3 GPU),3GHz,3.6GHz,,,1MB,,No,28nm,,,PCIe 3.0,,15W,10-15WW,90°C,2133MHz,,,,847 MHz,,AMD Radeon™ R5 Graphics,3,Yes,Yes,,
7th Gen A9-9410 APU,AMD A-Series Processors,AMD A9-Series APU for Laptops,Laptop,Q216,2,,3,5 (2 CPU + 3 GPU),2.9GHz,3.5GHz,,,1MB,,No,28nm,,,,,10-25/25W,,90°C,2133MHz,,1,,800 MHz,,AMD Radeon™ R5 Graphics,3,Yes,Yes,,
7th Gen A8-9600 APU,AMD A-Series Processors,AMD A8-Series APU for Desktops,Desktop,"Channel: 7/27/2017, OEM: 9/5/2016",4,,6,10 (4 CPU + 6 GPU),3.1GHz,3.4GHz,,,2MB,,Yes,28nm,AM4,,PCIe 3.0 x8,,65W,45/65W,90°C,2400MHz,,2,,900 MHz,,Radeon™ R7 Series,,Yes,Yes,,
7th Gen A6-9550 APU,AMD A-Series Processors,AMD A6-Series APU for Desktops,Desktop,7/27/2017,2,,6,8 (2 CPU + 6 GPU),3.8GHz,4GHz,,,1MB,,Yes,28nm,AM4,,PCIe 3.0 x8,,65W,45/65W,90°C,2400MHz,,2,,1029 MHz,,Radeon™ R5 Series,,Yes,Yes,,
7th Gen A6-9500E APU,AMD A-Series Processors,AMD A6-Series APU for Desktops,Desktop,"Channel: 7/27/2017, OEM: 9/5/2016",2,,4,6 (2 CPU + 4 GPU),3GHz,3.4GHz,,,1MB,,Yes,28nm,AM4,,PCIe 3.0 x8,,35W,,90°C,2400MHz,,2,,800 MHz,,Radeon™ R5 Series,,Yes,Yes,,
7th Gen A6-9500 APU,AMD A-Series Processors,AMD A6-Series APU for Desktops,Desktop,"Channel: 7/27/2017, OEM: 9/5/2016",2,,6,8 (2 CPU + 6 GPU),3.5GHz,3.8GHz,,,1MB,,Yes,28nm,AM4,,PCIe 3.0 x8,,65W,45/65W,90°C,2400MHz,,2,,1029 MHz,,Radeon™ R5 Series,,Yes,Yes,,
7th Gen A6-9225 APU,AMD A-Series Processors,AMD A6-Series APU for Laptops,Laptop,2Q18,2,,3,5 (2 CPU + 3 GPU),2.6GHz,3.1GHz,,,1MB,,No,28nm,,,PCIe 3.0,,15W,10-15W,90°C,2133MHz,,1,,686 MHz,,AMD Radeon™ R4 Graphics,,Yes,Yes,,
7th Gen A6-9220C APU,AMD A-Series Processors,AMD A6-Series APU for Laptops,Laptop,,2,2,3,5 (2 CPU + 3 GPU),1.8GHz,2.7GHz,,160KB,1MB,,No,28nm,FT4,,,,6W,,90°C,1866MHz,,1,,720 MHz,,Radeon™ R5 Graphics,3,Yes,Yes,,
7th Gen A6-9220 APU,AMD A-Series Processors,AMD A6-Series APU for Laptops,Laptop,Q217,2,,3,5 (2 CPU + 3 GPU),2.5GHz,2.9GHz,,,1MB,,No,28nm,,,PCIe 3.0,,15W,10-15WW,90°C,2133MHz,,,,655 MHz,,AMD Radeon™ R5 Graphics,3,Yes,Yes,,
7th Gen A6-9210 APU,AMD A-Series Processors,AMD A6-Series APU for Laptops,Laptop,Q216,2,,3,5 (2 CPU + 3 GPU),2.4GHz,2.8GHz,,,1MB,,No,28nm,,,,,15W,,90°C,2133MHz,,1,,600 MHz,,AMD Radeon™ R4 Graphics,3,Yes,Yes,,
7th Gen A4-9125 APU,AMD A-Series Processors,AMD A4-Series APU for Laptops,Laptop,2Q18,2,,2,4 (2 CPU + 2 GPU),2.3GHz,2.6GHz,,,1MB,,No,28nm,,,PCIe 3.0,,15W,10-15WW,90°C,2133MHz,,1,,686 MHz,,AMD Radeon™ R3 Graphics,2,Yes,Yes,,
7th Gen A4-9120C APU,AMD A-Series Processors,AMD A4-Series APU for Laptops,Laptop,,2,2,3,5 (2 CPU + 3 GPU),1.6GHz,2.4GHz,,160KB,1MB,,No,28nm,FT4,,,,6W,,90°C,1866MHz,,1,,600 MHz,,Radeon™ R4 Graphics,3,Yes,Yes,,
7th Gen A4-9120 APU,AMD A-Series Processors,AMD A4-Series APU for Laptops,Laptop,Q217,2,,2,4 (2 CPU + 2 GPU),2.2GHz,2.5GHz,,,1MB,,No,28nm,,,PCIe 3.0,,15W,10-15WW,90°C,2133MHz,,,,655 MHz,,AMD Radeon™ R3 Graphics,2,Yes,Yes,,
6th Gen FX-8800P APU,AMD FX-Series Processors,AMD FX-Series Processors for Laptops,Laptop,,4,4,8,12 (4 CPU + 8 GPU),2.1GHz,3.4GHz,,,2MB,,No,28nm,FP4,,,,15W,,90°C,2133MHz,,2,,800 MHz,,AMD Radeon™ R7 Graphics,,Yes,Yes,,
6th Gen AMD PRO A12-8870E APU,AMD PRO A-Series Processors,AMD PRO A-Series A12 APU for Desktops,Desktop,,4,,8,,2.9GHz,3.8GHz,,,2MB,,No,28nm,AM4,,PCIe 3.0,,35W,,,2400MHz,,2,,900 MHz,,R7,,,,,
6th Gen AMD PRO A12-8870 APU,AMD PRO A-Series Processors,AMD PRO A-Series A12 APU for Desktops,Desktop,3Q 2016,4,,8,,3.7GHz,4.2GHz,,,2MB,,No,28nm,AM4,,PCIe 3.0,,65W,,,2400MHz,,2,,1108 MHz,,R7,,,,,
6th Gen AMD PRO A12-8830B APU,AMD PRO A-Series Processors,AMD PRO A-Series A12 APU for Laptops,Laptop,Q3 2016,4,,6,10 (4 CPU + 6 GPU),2.5GHz,3.4GHz,,,2MB,,No,28nm,FP4,,,,,12W/15WW,,1866MHz,,,,758 MHz,,R7,,,,,
6th Gen AMD PRO A12-8800B APU,AMD PRO A-Series Processors,AMD PRO A-Series A12 APU for Laptops,Laptop,,4,4,8,12 (4 CPU + 8 GPU),2.1GHz,3.4GHz,,,2MB,,No,28nm,FP4,,,,15W,,,2133MHz,,2,,800 MHz,,AMD Radeon™ R7 Graphics,512,Yes,Yes,,
6th Gen AMD PRO A10-8850B APU,AMD PRO A-Series Processors,AMD PRO A-Series A10 APU for Desktops,Desktop,,4,4,8,12 (4 CPU + 8 GPU),3.9GHz,4.1GHz,,,4MB,,No,28nm,FM2+,,,,95W,,72.40°C,2133MHz,,2,,800 MHz,,AMD Radeon™ R7 Graphics,512,Yes,Yes,,
6th Gen AMD PRO A10-8770E APU,AMD PRO A-Series Processors,AMD PRO A-Series A10 APU for Desktops,Desktop,3Q 2016,4,,6,,2.8GHz,3.5GHz,,,2MB,,No,28nm,AM4,,PCIe 3.0,,35W,,,2400MHz,,2,,847 MHz,,R7,,,,,
6th Gen AMD PRO A10-8770 APU,AMD PRO A-Series Processors,AMD PRO A-Series A10 APU for Desktops,Desktop,3Q 2016,4,,6,,3.5GHz,3.8GHz,,,2MB,,No,28nm,AM4,,PCIe 3.0,,65W,,,2400MHz,,2,,1029 MHz,,R7,,,,,
6th Gen AMD PRO A10-8750B APU,AMD PRO A-Series Processors,AMD PRO A-Series A10 APU for Desktops,Desktop,,4,4,8,12 (4 CPU + 8 GPU),3.6GHz,4GHz,,,4MB,,No,28nm,FM2+,,,,65W,45W/65WW,71.30°C,2133MHz,,2,,757 MHz,,AMD Radeon™ R7 Graphics,512,Yes,Yes,,
6th Gen AMD PRO A10-8730B APU,AMD PRO A-Series Processors,AMD PRO A-Series A10 APU for Laptops,Laptop,Q3 2016,4,,6,10 (4 CPU + 6 GPU),2.4GHz,3.3GHz,,,2MB,,No,28nm,FP4,,,,,12W/15WW,,1866MHz,,,,720 MHz,,R5,,,,,
6th Gen AMD PRO A10-8700B APU,AMD PRO A-Series Processors,AMD PRO A-Series A10 APU for Laptops,Laptop,,4,4,6,10 (4 CPU + 6 GPU),1.8GHz,3.2GHz,,,2MB,,No,28nm,FP4,,,,15W,,,2133MHz,,2,,800 MHz,,AMD Radeon™ R6 Graphics,384,Yes,Yes,,
6th Gen AMD PRO A8-8650B APU,AMD PRO A-Series Processors,AMD PRO A-Series A8 APU for Desktops,Desktop,,4,4,6,10 (4 CPU + 6 GPU),3.2GHz,3.9GHz,,,4MB,,No,28nm,FM2+,,,,65W,45W/65WW,71.30°C,2133MHz,,2,,757 MHz,,AMD Radeon™ R7 Graphics,384,Yes,Yes,,
6th Gen AMD PRO A8-8600B APU,AMD PRO A-Series Processors,AMD PRO A-Series A8 APU for Laptops,Laptop,,4,4,6,10 (4 CPU + 6 GPU),1.6GHz,3GHz,,,2MB,,No,28nm,FP4,,,,15W,,,2133MHz,,2,,720 MHz,,AMD Radeon™ R6 Graphics,384,Yes,Yes,,
6th Gen AMD PRO A6-8570E APU,AMD PRO A-Series Processors,AMD PRO A-Series A6 APU for Desktops,Desktop,,2,,4,,3GHz,3.4GHz,,,1MB,,No,28nm,AM4,,PCIe 3.0,,35W,,,2400MHz,,2,,800 MHz,,R5,,,,,
6th Gen AMD PRO A6-8570 APU,AMD PRO A-Series Processors,AMD PRO A-Series A6 APU for Desktops,Desktop,,2,,6,,3.5GHz,3.8GHz,,,1MB,,No,28nm,AM4,,PCIe 3.0,,65W,,,2400MHz,,2,,1029 MHz,,R5,,,,,
6th Gen AMD PRO A6-8550B APU,AMD PRO A-Series Processors,AMD PRO A-Series A6 APU for Desktops,Desktop,,2,2,4,6 (2 CPU + 4 GPU),3.7GHz,4GHz,,,1MB,,No,28nm,FM2+,,,,65W,45W/65WW,71.30°C,2133MHz,,2,,800 MHz,,AMD Radeon™ R5 Graphics,256,Yes,Yes,,
6th Gen AMD PRO A6-8530B APU,AMD PRO A-Series Processors,AMD PRO A-Series A6 APU for Laptops,Laptop,Q3 2016,2,,4,6 (2 CPU + 4 GPU),2.3GHz,3.2GHz,,,1MB,,No,28nm,FP4,,,,,12W/15WW,,1866MHz,,,,800 MHz,,R5,,,,,
6th Gen AMD PRO A6-8500B APU,AMD PRO A-Series Processors,AMD PRO A-Series A6 APU for Laptops,Laptop,,2,4,4,6 (2 CPU + 4 GPU),1.6GHz,3GHz,,,1MB,,No,28nm,FP4,,,,15W,,,1600MHz,,2,,800 MHz,,AMD Radeon™ R5 Graphics,256,Yes,Yes,,
6th Gen AMD PRO A4-8350B APU,AMD PRO A-Series Processors,AMD PRO A-Series A4 APU for Desktops,Desktop,,2,2,4,6 (2 CPU + 4 GPU),3.5GHz,3.9GHz,,,1MB,,No,28nm,FM2+,,,,65W,45W/65WW,71.30°C,1866MHz,,2,,757 MHz,,AMD Radeon™ R5 Graphics,256,Yes,Yes,,
6th Gen A10-8700P APU,AMD A-Series Processors,AMD A10-Series APU for Laptops,Laptop,,4,4,6,10 (4 CPU + 6 GPU),1.8GHz,3.2GHz,,,2MB,,No,28nm,FP4,,,,15W,,90°C,2133MHz,,2,,800 MHz,,AMD Radeon™ R6 Graphics,,Yes,Yes,,
6th Gen A8-8600P APU,AMD A-Series Processors,AMD A8-Series APU for Laptops,Laptop,,4,4,6,10 (4 CPU + 6 GPU),1.6GHz,3GHz,,,2MB,,No,28nm,FP4,,,,15W,,90°C,2133MHz,,2,,720 MHz,,AMD Radeon™ R6 Graphics,,Yes,Yes,,
